Data;Valor
04/01/2016;149,34
05/01/2016;148,94
06/01/2016;148,51
07/01/2016;148,45
08/01/2016;147,38
11/01/2016;149,26
12/01/2016;149,31
13/01/2016;148,53
14/01/2016;148,63
15/01/2016;148,89
18/01/2016;149,49
19/01/2016;149,62
20/01/2016;149,88
21/01/2016;149,66
22/01/2016;150,49
25/01/2016;150,20
26/01/2016;150,29
27/01/2016;150,61
28/01/2016;151,03
29/01/2016;152,21
01/02/2016;152,97
02/02/2016;151,51
03/02/2016;151,95
04/02/2016;152,56
05/02/2016;152,55
10/02/2016;151,91
11/02/2016;152,61
12/02/2016;152,60
15/02/2016;153,91
16/02/2016;154,87
17/02/2016;154,81
18/02/2016;155,19
19/02/2016;154,26
22/02/2016;155,65
23/02/2016;155,50
24/02/2016;155,76
25/02/2016;155,88
26/02/2016;155,57
29/02/2016;155,94
01/03/2016;155,44
02/03/2016;155,49
03/03/2016;155,77
04/03/2016;156,76
07/03/2016;155,38
08/03/2016;154,46
09/03/2016;153,11
10/03/2016;156,31
11/03/2016;156,82
14/03/2016;155,78
15/03/2016;155,37
16/03/2016;154,70
17/03/2016;154,37
18/03/2016;154,08
21/03/2016;155,07
22/03/2016;154,89
23/03/2016;155,69
24/03/2016;157,25
28/03/2016;157,36
29/03/2016;157,89
30/03/2016;157,72
31/03/2016;157,98
01/04/2016;157,99
04/04/2016;159,49
05/04/2016;158,99
06/04/2016;157,95
07/04/2016;158,52
08/04/2016;158,84
11/04/2016;158,74
12/04/2016;158,46
13/04/2016;157,80
14/04/2016;157,94
15/04/2016;157,50
18/04/2016;158,23
19/04/2016;156,95
20/04/2016;156,72
22/04/2016;155,98
25/04/2016;155,93
26/04/2016;156,02
27/04/2016;155,82
28/04/2016;155,26
29/04/2016;154,65
02/05/2016;154,07
03/05/2016;154,03
04/05/2016;153,15
05/05/2016;153,86
06/05/2016;154,02
09/05/2016;154,03
10/05/2016;153,82
11/05/2016;154,54
12/05/2016;153,87
13/05/2016;154,56
16/05/2016;154,23
17/05/2016;154,33
18/05/2016;153,88
19/05/2016;154,72
20/05/2016;154,29
23/05/2016;155,88
24/05/2016;155,14
25/05/2016;155,38
27/05/2016;155,35
30/05/2016;154,19
31/05/2016;154,73
01/06/2016;156,43
02/06/2016;156,57
03/06/2016;156,73
06/06/2016;156,50
07/06/2016;156,60
08/06/2016;155,99
09/06/2016;156,80
10/06/2016;156,14
13/06/2016;156,06
14/06/2016;156,12
15/06/2016;156,51
16/06/2016;157,02
17/06/2016;157,88
20/06/2016;158,00
21/06/2016;158,11
22/06/2016;158,29
23/06/2016;157,39
24/06/2016;156,21
27/06/2016;156,06
28/06/2016;155,95
29/06/2016;155,79
30/06/2016;155,54
01/07/2016;156,16
04/07/2016;155,72
05/07/2016;156,19
06/07/2016;156,00
07/07/2016;155,91
08/07/2016;156,08
11/07/2016;156,53
12/07/2016;156,39
13/07/2016;156,48
14/07/2016;156,45
15/07/2016;156,29
18/07/2016;155,97
19/07/2016;155,40
20/07/2016;155,85
21/07/2016;154,33
22/07/2016;155,76
25/07/2016;156,00
26/07/2016;154,65
27/07/2016;154,35
28/07/2016;153,40
29/07/2016;153,54
01/08/2016;152,52
02/08/2016;152,47
03/08/2016;151,82
04/08/2016;151,04
05/08/2016;151,87
08/08/2016;152,60
09/08/2016;152,03
10/08/2016;152,02
11/08/2016;152,16
12/08/2016;151,00
15/08/2016;151,84
16/08/2016;151,87
17/08/2016;149,39
18/08/2016;150,31
19/08/2016;150,02
22/08/2016;148,45
23/08/2016;147,85
24/08/2016;150,00
25/08/2016;149,61
26/08/2016;149,51
29/08/2016;149,37
30/08/2016;148,57
31/08/2016;148,63
01/09/2016;148,46
02/09/2016;149,08
05/09/2016;148,21
06/09/2016;148,15
08/09/2016;148,74
09/09/2016;148,40
12/09/2016;149,14
13/09/2016;149,17
14/09/2016;150,12
15/09/2016;149,71
16/09/2016;149,82
19/09/2016;150,36
20/09/2016;150,62
21/09/2016;150,62
22/09/2016;150,73
23/09/2016;151,22
26/09/2016;152,26
27/09/2016;151,57
28/09/2016;151,80
29/09/2016;152,06
30/09/2016;151,40
03/10/2016;152,76
04/10/2016;152,40
05/10/2016;152,49
06/10/2016;151,59
07/10/2016;151,68
10/10/2016;150,85
11/10/2016;151,06
13/10/2016;150,97
14/10/2016;150,60
17/10/2016;151,00
18/10/2016;151,17
19/10/2016;151,20
20/10/2016;151,06
21/10/2016;150,69
24/10/2016;150,67
25/10/2016;151,55
26/10/2016;151,60
27/10/2016;151,55
28/10/2016;151,05
31/10/2016;150,61
01/11/2016;150,03
03/11/2016;149,63
04/11/2016;151,06
07/11/2016;151,38
08/11/2016;149,69
09/11/2016;149,57
10/11/2016;149,47
11/11/2016;149,43
14/11/2016;149,15
16/11/2016;149,17
17/11/2016;150,50
18/11/2016;149,52
21/11/2016;149,16
22/11/2016;150,19
23/11/2016;151,70
24/11/2016;149,55
25/11/2016;149,59
28/11/2016;149,52
29/11/2016;149,71
30/11/2016;149,86
01/12/2016;149,43
02/12/2016;149,91
05/12/2016;149,56
06/12/2016;149,52
07/12/2016;149,56
08/12/2016;148,63
09/12/2016;149,63
12/12/2016;150,37
13/12/2016;149,14
14/12/2016;149,25
15/12/2016;148,90
16/12/2016;148,96
19/12/2016;148,93
20/12/2016;148,71
21/12/2016;148,07
22/12/2016;149,54
23/12/2016;148,77
26/12/2016;149,80
27/12/2016;150,04
28/12/2016;149,45
29/12/2016;149,46
02/01/2017;148,93
03/01/2017;149,91
04/01/2017;149,54
05/01/2017;149,97
06/01/2017;150,22
09/01/2017;150,72
10/01/2017;149,50
11/01/2017;149,50
12/01/2017;149,18
13/01/2017;149,52
16/01/2017;149,48
17/01/2017;148,61
18/01/2017;148,75
19/01/2017;148,96
20/01/2017;147,82
23/01/2017;147,85
24/01/2017;145,85
25/01/2017;146,08
26/01/2017;145,94
27/01/2017;146,54
30/01/2017;145,81
31/01/2017;145,79
01/02/2017;145,77
02/02/2017;145,55
03/02/2017;145,46
06/02/2017;144,53
07/02/2017;144,84
08/02/2017;144,93
09/02/2017;145,11
10/02/2017;144,93
13/02/2017;145,49
14/02/2017;144,98
15/02/2017;145,09
16/02/2017;144,69
17/02/2017;144,15
20/02/2017;145,57
21/02/2017;144,44
22/02/2017;144,56
23/02/2017;144,78
24/02/2017;145,01
01/03/2017;144,19
02/03/2017;144,64
03/03/2017;144,97
06/03/2017;144,80
07/03/2017;144,76
08/03/2017;144,62
09/03/2017;144,65
10/03/2017;143,98
13/03/2017;144,34
14/03/2017;144,15
15/03/2017;144,10
16/03/2017;144,66
17/03/2017;144,72
20/03/2017;145,08
21/03/2017;142,59
22/03/2017;141,93
23/03/2017;142,67
24/03/2017;141,13
27/03/2017;140,92
28/03/2017;140,98
29/03/2017;141,74
30/03/2017;141,37
31/03/2017;139,61
03/04/2017;134,85
04/04/2017;133,51
05/04/2017;133,98
06/04/2017;132,39
07/04/2017;134,72
10/04/2017;135,46
11/04/2017;136,60
12/04/2017;136,44
13/04/2017;138,41
17/04/2017;138,19
18/04/2017;138,24
19/04/2017;137,99
20/04/2017;138,57
24/04/2017;137,81
25/04/2017;138,55
26/04/2017;138,49
27/04/2017;139,03
28/04/2017;139,10
02/05/2017;137,45
03/05/2017;138,78
04/05/2017;138,76
05/05/2017;138,01
08/05/2017;137,70
09/05/2017;137,53
10/05/2017;137,50
11/05/2017;137,31
12/05/2017;136,92
15/05/2017;136,01
16/05/2017;137,02
17/05/2017;136,98
18/05/2017;136,29
19/05/2017;136,28
22/05/2017;136,25
23/05/2017;136,38
24/05/2017;134,38
25/05/2017;131,33
26/05/2017;133,93
29/05/2017;134,17
30/05/2017;131,89
31/05/2017;132,66
01/06/2017;131,57
02/06/2017;131,33
05/06/2017;131,25
06/06/2017;130,21
07/06/2017;129,94
08/06/2017;128,05
09/06/2017;128,25
12/06/2017;129,82
13/06/2017;129,32
14/06/2017;127,54
16/06/2017;128,98
19/06/2017;128,26
20/06/2017;127,16
21/06/2017;128,04
22/06/2017;127,82
23/06/2017;126,83
26/06/2017;127,73
27/06/2017;127,94
28/06/2017;128,26
29/06/2017;126,90
30/06/2017;126,56
03/07/2017;126,37
04/07/2017;124,93
05/07/2017;124,40
06/07/2017;124,17
07/07/2017;125,67
10/07/2017;125,19
11/07/2017;125,49
12/07/2017;124,70
13/07/2017;124,19
14/07/2017;123,76
17/07/2017;124,20
18/07/2017;122,80
19/07/2017;125,21
20/07/2017;124,66
21/07/2017;124,71
24/07/2017;123,11
25/07/2017;123,17
26/07/2017;125,66
27/07/2017;123,17
28/07/2017;123,45
31/07/2017;125,53
01/08/2017;127,05
02/08/2017;127,02
03/08/2017;124,77
04/08/2017;125,77
07/08/2017;128,37
08/08/2017;128,07
09/08/2017;127,51
10/08/2017;128,52
11/08/2017;129,08
14/08/2017;133,20
15/08/2017;132,78
16/08/2017;132,15
17/08/2017;134,84
18/08/2017;136,25
21/08/2017;138,00
22/08/2017;135,94
23/08/2017;138,58
24/08/2017;139,17
25/08/2017;139,57
28/08/2017;140,40
29/08/2017;142,16
30/08/2017;143,20
31/08/2017;142,96
01/09/2017;145,14
04/09/2017;145,83
05/09/2017;145,77
06/09/2017;144,82
08/09/2017;145,84
11/09/2017;145,39
12/09/2017;143,98
13/09/2017;143,92
14/09/2017;143,96
15/09/2017;143,67
18/09/2017;140,67
19/09/2017;141,60
20/09/2017;141,60
21/09/2017;142,46
22/09/2017;144,59
25/09/2017;141,85
26/09/2017;142,13
27/09/2017;141,11
28/09/2017;142,28
29/09/2017;142,76
02/10/2017;141,50
03/10/2017;142,20
04/10/2017;142,35
05/10/2017;142,05
06/10/2017;142,30
09/10/2017;143,25
10/10/2017;139,80
11/10/2017;142,20
13/10/2017;141,50
16/10/2017;141,00
17/10/2017;139,50
18/10/2017;141,05
19/10/2017;141,60
20/10/2017;140,10
23/10/2017;139,65
24/10/2017;139,25
25/10/2017;137,90
26/10/2017;138,90
27/10/2017;140,40
30/10/2017;139,60
31/10/2017;140,35
01/11/2017;139,60
03/11/2017;139,60
06/11/2017;139,50
07/11/2017;139,25
08/11/2017;138,95
09/11/2017;140,80
10/11/2017;138,80
13/11/2017;140,15
14/11/2017;139,55
16/11/2017;140,65
17/11/2017;140,80
20/11/2017;139,55
21/11/2017;141,70
22/11/2017;140,80
23/11/2017;141,05
24/11/2017;142,90
27/11/2017;144,45
28/11/2017;143,90
29/11/2017;143,75
30/11/2017;144,25
01/12/2017;143,25
04/12/2017;143,55
05/12/2017;141,85
06/12/2017;144,00
07/12/2017;143,90
08/12/2017;144,90
11/12/2017;144,40
12/12/2017;144,40
13/12/2017;144,45
14/12/2017;146,30
15/12/2017;146,55
18/12/2017;146,70
19/12/2017;145,30
20/12/2017;147,35
21/12/2017;146,95
22/12/2017;146,85
26/12/2017;145,80
27/12/2017;146,85
28/12/2017;146,00
02/01/2018;145,90
03/01/2018;146,90
04/01/2018;144,80
05/01/2018;146,60
08/01/2018;147,15
09/01/2018;146,50
10/01/2018;148,70
11/01/2018;147,95
12/01/2018;145,60
15/01/2018;146,85
16/01/2018;148,05
17/01/2018;147,20
18/01/2018;147,00
19/01/2018;147,65
22/01/2018;147,75
23/01/2018;145,65
24/01/2018;145,00
25/01/2018;145,20
26/01/2018;145,20
29/01/2018;146,35
30/01/2018;145,65
31/01/2018;146,00
01/02/2018;144,40
02/02/2018;146,00
05/02/2018;144,40
06/02/2018;144,90
07/02/2018;144,05
08/02/2018;145,10
09/02/2018;145,10
14/02/2018;144,00
15/02/2018;144,00
16/02/2018;144,25
19/02/2018;143,90
20/02/2018;145,05
21/02/2018;146,50
22/02/2018;146,60
23/02/2018;146,40
26/02/2018;145,90
27/02/2018;146,00
28/02/2018;145,15
01/03/2018;145,00
02/03/2018;145,40
05/03/2018;145,85
06/03/2018;144,55
07/03/2018;146,10
08/03/2018;145,30
09/03/2018;144,60
12/03/2018;146,65
13/03/2018;145,65
14/03/2018;145,00
15/03/2018;144,70
16/03/2018;145,25
19/03/2018;145,75
20/03/2018;144,60
21/03/2018;144,40
22/03/2018;144,35
23/03/2018;143,30
26/03/2018;143,90
27/03/2018;144,00
28/03/2018;143,00
29/03/2018;143,50
02/04/2018;143,45
03/04/2018;144,05
04/04/2018;144,30
05/04/2018;144,30
06/04/2018;145,30
09/04/2018;144,45
10/04/2018;144,40
11/04/2018;143,10
12/04/2018;144,20
13/04/2018;143,15
16/04/2018;143,20
17/04/2018;143,50
18/04/2018;143,80
19/04/2018;143,35
20/04/2018;143,25
23/04/2018;143,20
24/04/2018;140,45
25/04/2018;142,10
26/04/2018;140,65
27/04/2018;141,65
30/04/2018;140,50
02/05/2018;144,10
03/05/2018;141,50
04/05/2018;145,10
07/05/2018;141,40
08/05/2018;140,55
09/05/2018;139,75
10/05/2018;139,70
11/05/2018;138,50
14/05/2018;138,65
15/05/2018;138,50
16/05/2018;139,30
17/05/2018;139,30
18/05/2018;140,05
21/05/2018;138,95
22/05/2018;139,80
23/05/2018;139,15
24/05/2018;140,30
25/05/2018;142,35
28/05/2018;142,35
29/05/2018;141,10
30/05/2018;142,00
01/06/2018;140,30
04/06/2018;138,95
05/06/2018;138,45
06/06/2018;137,35
07/06/2018;137,75
08/06/2018;138,00
11/06/2018;138,70
12/06/2018;137,50
13/06/2018;137,80
14/06/2018;138,40
15/06/2018;136,80
18/06/2018;138,70
19/06/2018;137,85
20/06/2018;138,20
21/06/2018;138,80
22/06/2018;139,95
25/06/2018;139,05
26/06/2018;137,80
27/06/2018;139,25
28/06/2018;140,05
29/06/2018;139,40
02/07/2018;139,60
03/07/2018;139,20
04/07/2018;139,50
05/07/2018;140,65
06/07/2018;139,00
10/07/2018;140,30
11/07/2018;141,10
12/07/2018;140,55
13/07/2018;141,70
16/07/2018;141,80
17/07/2018;140,70
18/07/2018;142,50
19/07/2018;141,95
20/07/2018;144,60
23/07/2018;144,15
24/07/2018;142,85
25/07/2018;143,70
26/07/2018;143,60
27/07/2018;143,55
30/07/2018;143,50
31/07/2018;141,70
01/08/2018;144,95
02/08/2018;144,45
03/08/2018;144,05
06/08/2018;144,10
07/08/2018;143,70
08/08/2018;144,95
09/08/2018;144,85
10/08/2018;145,45
13/08/2018;144,85
14/08/2018;144,30
15/08/2018;142,65
16/08/2018;144,80
17/08/2018;144,95
20/08/2018;144,40
21/08/2018;142,55
22/08/2018;144,75
23/08/2018;143,45
24/08/2018;146,00
27/08/2018;146,25
28/08/2018;146,10
29/08/2018;146,00
30/08/2018;146,20
31/08/2018;146,80
03/09/2018;147,85
04/09/2018;147,60
05/09/2018;146,65
06/09/2018;148,20
10/09/2018;147,65
11/09/2018;148,90
12/09/2018;149,00
13/09/2018;149,80
14/09/2018;149,50
17/09/2018;149,80
18/09/2018;150,60
19/09/2018;151,00
20/09/2018;149,90
21/09/2018;151,00
24/09/2018;150,10
25/09/2018;151,00
26/09/2018;151,40
27/09/2018;152,10
28/09/2018;151,80
01/10/2018;152,00
02/10/2018;150,65
03/10/2018;149,00
04/10/2018;150,60
05/10/2018;149,25
08/10/2018;150,05
09/10/2018;150,60
10/10/2018;148,05
11/10/2018;146,80
15/10/2018;149,25
16/10/2018;150,40
17/10/2018;148,55
18/10/2018;149,30
19/10/2018;146,70
22/10/2018;147,95
23/10/2018;146,05
24/10/2018;147,30
25/10/2018;147,95
26/10/2018;147,50
29/10/2018;147,55
30/10/2018;147,65
31/10/2018;145,15
01/11/2018;145,10
05/11/2018;146,10
06/11/2018;144,95
07/11/2018;146,15
08/11/2018;144,70
09/11/2018;145,45
12/11/2018;144,90
13/11/2018;145,05
14/11/2018;144,60
16/11/2018;146,70
19/11/2018;147,10
20/11/2018;146,30
21/11/2018;145,30
22/11/2018;146,40
23/11/2018;147,95
26/11/2018;147,75
27/11/2018;148,55
28/11/2018;146,30
29/11/2018;147,50
30/11/2018;148,30
03/12/2018;147,55
04/12/2018;147,40
05/12/2018;148,80
06/12/2018;149,25
07/12/2018;149,65
10/12/2018;149,65
11/12/2018;150,25
12/12/2018;150,00
13/12/2018;149,20
14/12/2018;150,55
17/12/2018;149,90
18/12/2018;149,05
19/12/2018;151,10
20/12/2018;153,50
21/12/2018;152,15
26/12/2018;151,00
27/12/2018;151,30
28/12/2018;153,40
02/01/2019;149,00
03/01/2019;150,60
04/01/2019;154,70
07/01/2019;152,70
08/01/2019;151,15
09/01/2019;153,10
10/01/2019;149,05
11/01/2019;151,10
14/01/2019;151,85
15/01/2019;152,45
16/01/2019;151,45
17/01/2019;153,30
18/01/2019;154,05
21/01/2019;153,05
22/01/2019;151,50
23/01/2019;153,60
24/01/2019;154,70
25/01/2019;152,55
28/01/2019;151,60
29/01/2019;152,00
30/01/2019;152,35
31/01/2019;153,30
01/02/2019;150,20
04/02/2019;149,35
05/02/2019;148,50
06/02/2019;152,30
07/02/2019;149,10
08/02/2019;149,60
11/02/2019;148,50
12/02/2019;151,60
13/02/2019;151,50
14/02/2019;149,65
15/02/2019;150,20
18/02/2019;150,90
19/02/2019;149,65
20/02/2019;149,70
21/02/2019;151,30
22/02/2019;149,70
25/02/2019;151,90
26/02/2019;150,95
27/02/2019;152,75
28/02/2019;150,20
01/03/2019;150,05
06/03/2019;150,30
07/03/2019;151,35
08/03/2019;151,55
11/03/2019;151,00
12/03/2019;151,90
13/03/2019;152,00
14/03/2019;152,20
15/03/2019;152,00
18/03/2019;154,30
19/03/2019;152,40
20/03/2019;152,80
21/03/2019;152,60
22/03/2019;151,20
25/03/2019;155,30
26/03/2019;156,15
27/03/2019;154,75
28/03/2019;156,40
29/03/2019;157,05
01/04/2019;157,45
02/04/2019;156,85
03/04/2019;156,40
04/04/2019;158,70
05/04/2019;159,10
08/04/2019;157,70
09/04/2019;158,50
10/04/2019;158,80
11/04/2019;158,80
12/04/2019;158,10
15/04/2019;158,00
16/04/2019;156,90
17/04/2019;154,00
18/04/2019;159,20
22/04/2019;158,35
23/04/2019;155,90
24/04/2019;157,95
25/04/2019;157,15
26/04/2019;156,10
29/04/2019;154,25
30/04/2019;154,95
02/05/2019;153,00
03/05/2019;154,65
06/05/2019;152,00
07/05/2019;152,25
08/05/2019;152,30
09/05/2019;153,50
10/05/2019;151,25
13/05/2019;150,45
14/05/2019;154,60
15/05/2019;154,90
16/05/2019;150,75
17/05/2019;153,40
20/05/2019;154,30
21/05/2019;153,30
22/05/2019;151,05
23/05/2019;153,75
24/05/2019;150,80
27/05/2019;152,00
28/05/2019;151,45
29/05/2019;154,35
30/05/2019;153,25
31/05/2019;153,15
03/06/2019;154,45
04/06/2019;149,95
05/06/2019;145,50
06/06/2019;145,05
07/06/2019;144,85
10/06/2019;146,10
11/06/2019;145,95
12/06/2019;146,00
13/06/2019;147,40
14/06/2019;149,20
17/06/2019;150,35
18/06/2019;151,05
19/06/2019;151,50
21/06/2019;151,90
24/06/2019;151,15
25/06/2019;153,50
26/06/2019;153,95
27/06/2019;154,40
28/06/2019;156,85
01/07/2019;154,15
02/07/2019;152,40
03/07/2019;153,85
04/07/2019;151,60
05/07/2019;153,55
08/07/2019;153,30
10/07/2019;152,30
11/07/2019;151,90
12/07/2019;152,05
15/07/2019;154,50
16/07/2019;153,40
17/07/2019;152,90
18/07/2019;152,80
19/07/2019;153,85
22/07/2019;153,05
23/07/2019;153,90
24/07/2019;151,65
25/07/2019;153,70
26/07/2019;154,40
29/07/2019;152,70
30/07/2019;153,85
31/07/2019;152,80
01/08/2019;152,15
02/08/2019;153,55
05/08/2019;152,65
06/08/2019;154,05
07/08/2019;153,30
08/08/2019;152,90
09/08/2019;152,55
12/08/2019;153,60
13/08/2019;154,20
14/08/2019;152,45
15/08/2019;153,20
16/08/2019;154,20
19/08/2019;153,60
20/08/2019;154,50
21/08/2019;154,70
22/08/2019;155,05
23/08/2019;156,10
26/08/2019;156,00
27/08/2019;156,90
28/08/2019;157,70
29/08/2019;156,55
30/08/2019;157,05
02/09/2019;155,70
03/09/2019;157,05
04/09/2019;156,65
05/09/2019;156,70
06/09/2019;155,55
09/09/2019;155,80
10/09/2019;158,10
11/09/2019;157,90
12/09/2019;158,85
13/09/2019;157,30
16/09/2019;158,20
17/09/2019;160,40
18/09/2019;157,90
19/09/2019;158,45
20/09/2019;156,60
23/09/2019;160,60
24/09/2019;160,55
25/09/2019;158,60
26/09/2019;160,70
27/09/2019;160,70
30/09/2019;162,20
01/10/2019;161,60
02/10/2019;159,85
03/10/2019;160,30
04/10/2019;159,55
07/10/2019;159,70
08/10/2019;160,55
09/10/2019;160,35
10/10/2019;162,70
11/10/2019;159,95
14/10/2019;163,65
15/10/2019;161,65
16/10/2019;161,40
17/10/2019;163,15
18/10/2019;164,60
21/10/2019;163,90
22/10/2019;166,25
23/10/2019;166,45
24/10/2019;163,20
25/10/2019;166,50
28/10/2019;164,60
29/10/2019;166,90
30/10/2019;167,40
31/10/2019;170,70
01/11/2019;169,55
04/11/2019;167,25
05/11/2019;175,70
06/11/2019;177,45
07/11/2019;178,50
08/11/2019;181,90
11/11/2019;183,30
12/11/2019;184,25
13/11/2019;190,95
14/11/2019;199,25
18/11/2019;202,20
19/11/2019;204,05
20/11/2019;203,30
21/11/2019;227,40
22/11/2019;228,80
25/11/2019;229,10
26/11/2019;228,85
27/11/2019;231,00
28/11/2019;228,95
29/11/2019;231,35
02/12/2019;227,80
03/12/2019;219,45
04/12/2019;216,50
05/12/2019;209,00
06/12/2019;211,60
09/12/2019;208,90
10/12/2019;208,95
11/12/2019;207,40
12/12/2019;208,20
13/12/2019;216,65
16/12/2019;220,85
17/12/2019;216,45
18/12/2019;223,75
19/12/2019;204,30
20/12/2019;201,80
23/12/2019;209,60
26/12/2019;210,40
27/12/2019;198,85
30/12/2019;206,95
02/01/2020;192,95
03/01/2020;196,70
06/01/2020;196,40
07/01/2020;196,60
08/01/2020;196,70
09/01/2020;198,45
10/01/2020;196,25
13/01/2020;196,30
14/01/2020;193,95
15/01/2020;194,25
16/01/2020;192,15
17/01/2020;192,50
20/01/2020;192,60
21/01/2020;190,60
22/01/2020;194,05
23/01/2020;191,20
24/01/2020;187,00
27/01/2020;190,70
28/01/2020;189,70
29/01/2020;186,10
30/01/2020;191,10
31/01/2020;190,80
03/02/2020;196,20
04/02/2020;193,45
05/02/2020;192,85
06/02/2020;194,50
07/02/2020;195,40
10/02/2020;195,70
11/02/2020;194,15
12/02/2020;197,55
13/02/2020;195,55
14/02/2020;196,55
17/02/2020;197,05
18/02/2020;197,05
19/02/2020;193,10
20/02/2020;202,85
21/02/2020;198,40
26/02/2020;202,80
27/02/2020;202,05
28/02/2020;201,75
02/03/2020;204,15
03/03/2020;202,10
04/03/2020;202,00
05/03/2020;201,20
06/03/2020;203,25
09/03/2020;199,40
10/03/2020;202,70
11/03/2020;203,25
12/03/2020;204,35
13/03/2020;204,70
16/03/2020;204,70
17/03/2020;199,40
18/03/2020;187,40
19/03/2020;189,25
20/03/2020;197,85
23/03/2020;199,65
24/03/2020;195,05
25/03/2020;199,50
26/03/2020;201,85
27/03/2020;200,50
30/03/2020;202,50
31/03/2020;203,15
01/04/2020;203,00
02/04/2020;195,40
03/04/2020;200,65
06/04/2020;201,00
07/04/2020;199,90
08/04/2020;201,80
09/04/2020;198,05
13/04/2020;202,30
14/04/2020;199,10
15/04/2020;198,50
16/04/2020;200,55
17/04/2020;201,50
20/04/2020;196,45
22/04/2020;201,00
23/04/2020;196,70
24/04/2020;199,95
27/04/2020;200,05
28/04/2020;198,90
29/04/2020;197,70
30/04/2020;198,85
04/05/2020;200,35
05/05/2020;201,90
06/05/2020;199,95
07/05/2020;199,75
08/05/2020;201,30
11/05/2020;200,25
12/05/2020;198,70
13/05/2020;199,90
14/05/2020;199,35
15/05/2020;194,90
18/05/2020;194,90
19/05/2020;200,50
20/05/2020;202,15
21/05/2020;202,00
22/05/2020;203,55
25/05/2020;206,65
26/05/2020;204,30
27/05/2020;205,65
28/05/2020;203,40
29/05/2020;204,75
01/06/2020;204,00
02/06/2020;202,50
03/06/2020;203,65
04/06/2020;205,45
05/06/2020;202,65
08/06/2020;205,20
09/06/2020;206,40
10/06/2020;206,40
12/06/2020;205,25
15/06/2020;209,95
16/06/2020;208,60
17/06/2020;206,40
18/06/2020;212,35
19/06/2020;210,40
22/06/2020;214,00
23/06/2020;211,30
24/06/2020;218,95
25/06/2020;217,35
26/06/2020;218,35
29/06/2020;219,65
30/06/2020;218,40
01/07/2020;219,90
02/07/2020;219,65
03/07/2020;220,95
06/07/2020;220,95
07/07/2020;219,55
08/07/2020;218,75
09/07/2020;218,60
10/07/2020;218,60
13/07/2020;217,95
14/07/2020;221,90
15/07/2020;217,85
16/07/2020;222,25
17/07/2020;222,55
20/07/2020;215,30
21/07/2020;221,15
22/07/2020;221,65
23/07/2020;222,40
24/07/2020;223,45
27/07/2020;219,65
28/07/2020;226,40
29/07/2020;226,60
30/07/2020;227,00
31/07/2020;228,30
03/08/2020;227,80
04/08/2020;226,85
05/08/2020;226,25
06/08/2020;227,40
07/08/2020;225,45
10/08/2020;228,50
11/08/2020;227,20
12/08/2020;226,30
13/08/2020;227,85
14/08/2020;224,75
17/08/2020;227,40
18/08/2020;226,20
19/08/2020;227,20
20/08/2020;225,20
21/08/2020;229,25
24/08/2020;229,45
25/08/2020;228,60
26/08/2020;227,85
27/08/2020;234,25
28/08/2020;236,65
31/08/2020;237,60
01/09/2020;237,60
02/09/2020;238,95
03/09/2020;239,85
04/09/2020;240,45
08/09/2020;243,90
09/09/2020;247,10
10/09/2020;247,45
11/09/2020;245,65
14/09/2020;248,60
15/09/2020;247,50
16/09/2020;250,90
17/09/2020;250,50
18/09/2020;248,00
21/09/2020;249,85
22/09/2020;251,30
23/09/2020;254,20
24/09/2020;252,55
25/09/2020;255,65
28/09/2020;255,70
29/09/2020;256,00
30/09/2020;256,70
01/10/2020;256,80
02/10/2020;258,05
05/10/2020;257,70
06/10/2020;253,55
07/10/2020;258,00
08/10/2020;255,30
09/10/2020;261,60
13/10/2020;261,90
14/10/2020;263,35
15/10/2020;261,45
16/10/2020;263,65
19/10/2020;264,30
20/10/2020;266,45
21/10/2020;268,70
22/10/2020;269,65
23/10/2020;269,10
26/10/2020;270,50
27/10/2020;274,70
28/10/2020;268,80
29/10/2020;275,60
30/10/2020;278,40
03/11/2020;276,95
04/11/2020;277,65
05/11/2020;279,90
06/11/2020;287,85
09/11/2020;287,25
10/11/2020;288,00
11/11/2020;292,00
12/11/2020;288,55
13/11/2020;291,80
16/11/2020;290,55
17/11/2020;285,45
18/11/2020;282,15
19/11/2020;287,65
20/11/2020;287,05
23/11/2020;289,70
24/11/2020;286,90
25/11/2020;278,30
26/11/2020;285,25
27/11/2020;279,80
30/11/2020;283,75
01/12/2020;271,60
02/12/2020;274,30
03/12/2020;275,35
04/12/2020;271,00
07/12/2020;270,25
08/12/2020;266,80
09/12/2020;265,30
10/12/2020;263,00
11/12/2020;263,00
14/12/2020;259,70
15/12/2020;262,55
16/12/2020;265,15
17/12/2020;259,00
18/12/2020;255,30
21/12/2020;261,15
22/12/2020;262,80
23/12/2020;266,30
28/12/2020;270,30
29/12/2020;272,50
30/12/2020;267,15
04/01/2021;273,70
05/01/2021;276,90
06/01/2021;278,30
07/01/2021;280,10
08/01/2021;279,50
11/01/2021;284,70
12/01/2021;283,95
13/01/2021;285,95
14/01/2021;290,20
15/01/2021;287,90
18/01/2021;289,70
19/01/2021;292,35
20/01/2021;294,60
21/01/2021;297,05
22/01/2021;294,95
25/01/2021;294,95
26/01/2021;298,00
27/01/2021;297,85
28/01/2021;299,70
29/01/2021;299,85
01/02/2021;301,00
02/02/2021;301,05
03/02/2021;301,90
04/02/2021;300,10
05/02/2021;301,70
08/02/2021;301,50
09/02/2021;302,20
10/02/2021;299,95
11/02/2021;301,20
12/02/2021;303,00
17/02/2021;302,25
18/02/2021;303,75
19/02/2021;303,05
22/02/2021;302,45
23/02/2021;300,80
24/02/2021;299,50
25/02/2021;302,55
26/02/2021;303,15
01/03/2021;299,80
02/03/2021;301,50
03/03/2021;298,15
04/03/2021;303,95
05/03/2021;301,10
08/03/2021;307,50
09/03/2021;306,15
10/03/2021;308,80
11/03/2021;308,80
12/03/2021;310,50
15/03/2021;309,60
16/03/2021;309,90
17/03/2021;309,50
18/03/2021;313,50
19/03/2021;311,50
22/03/2021;315,20
23/03/2021;313,80
24/03/2021;310,80
25/03/2021;315,80
26/03/2021;314,45
29/03/2021;315,60
30/03/2021;313,10
31/03/2021;315,80
01/04/2021;316,10
05/04/2021;317,45
06/04/2021;318,95
07/04/2021;316,30
08/04/2021;316,80
09/04/2021;319,40
12/04/2021;316,45
13/04/2021;316,70
14/04/2021;320,00
15/04/2021;319,40
16/04/2021;312,60
19/04/2021;315,40
20/04/2021;315,85
22/04/2021;316,65
23/04/2021;315,40
26/04/2021;315,60
27/04/2021;313,40
28/04/2021;312,10
29/04/2021;313,70
30/04/2021;312,95
03/05/2021;314,20
04/05/2021;313,10
05/05/2021;307,50
06/05/2021;309,60
07/05/2021;311,45
10/05/2021;311,40
11/05/2021;312,10
12/05/2021;307,70
13/05/2021;311,85
14/05/2021;307,00
17/05/2021;303,20
18/05/2021;306,55
19/05/2021;309,35
20/05/2021;305,45
21/05/2021;312,40
24/05/2021;307,50
25/05/2021;309,00
26/05/2021;312,75
27/05/2021;314,60
28/05/2021;317,10
31/05/2021;316,15
01/06/2021;313,00
02/06/2021;307,90
04/06/2021;311,45
07/06/2021;308,75
08/06/2021;316,70
09/06/2021;315,85
10/06/2021;317,35
11/06/2021;319,45
14/06/2021;319,45
15/06/2021;317,35
16/06/2021;319,65
17/06/2021;318,90
18/06/2021;320,90
21/06/2021;318,25
22/06/2021;319,55
23/06/2021;319,90
24/06/2021;318,90
25/06/2021;319,45
28/06/2021;321,90
29/06/2021;319,65
30/06/2021;318,50
01/07/2021;316,20
02/07/2021;316,05
05/07/2021;318,00
06/07/2021;319,65
07/07/2021;319,20
08/07/2021;319,50
12/07/2021;319,15
13/07/2021;318,00
14/07/2021;320,70
15/07/2021;320,55
16/07/2021;321,85
19/07/2021;319,25
20/07/2021;319,50
21/07/2021;314,50
22/07/2021;317,50
23/07/2021;320,60
26/07/2021;321,50
27/07/2021;317,15
28/07/2021;316,85
29/07/2021;315,55
30/07/2021;319,90
02/08/2021;316,20
03/08/2021;315,40
04/08/2021;316,70
05/08/2021;319,20
06/08/2021;312,95
09/08/2021;318,60
10/08/2021;316,45
11/08/2021;318,65
12/08/2021;314,30
13/08/2021;317,35
16/08/2021;313,25
17/08/2021;319,30
18/08/2021;312,20
19/08/2021;314,70
20/08/2021;313,40
23/08/2021;313,75
24/08/2021;313,00
25/08/2021;313,40
26/08/2021;312,45
27/08/2021;310,85
30/08/2021;317,30
31/08/2021;313,40
01/09/2021;305,50
02/09/2021;305,10
03/09/2021;305,10
06/09/2021;305,10
08/09/2021;312,25
09/09/2021;305,95
10/09/2021;305,25
13/09/2021;310,60
14/09/2021;303,10
15/09/2021;295,00
16/09/2021;302,45
17/09/2021;302,75
20/09/2021;300,40
21/09/2021;300,60
22/09/2021;299,30
23/09/2021;298,80
24/09/2021;300,25
27/09/2021;304,45
28/09/2021;294,70
29/09/2021;294,80
30/09/2021;291,60
01/10/2021;292,25
04/10/2021;286,55
05/10/2021;283,00
06/10/2021;280,90
07/10/2021;282,70
08/10/2021;271,25
11/10/2021;271,25
13/10/2021;270,50
14/10/2021;271,55
15/10/2021;266,80
18/10/2021;267,80
19/10/2021;272,55
20/10/2021;262,90
21/10/2021;262,80
22/10/2021;260,20
25/10/2021;263,35
26/10/2021;257,25
27/10/2021;256,45
28/10/2021;254,10
29/10/2021;257,10
01/11/2021;263,95
03/11/2021;256,65
04/11/2021;267,75
05/11/2021;264,60
08/11/2021;267,85
09/11/2021;280,70
10/11/2021;291,20
11/11/2021;294,80
12/11/2021;301,00
16/11/2021;303,15
17/11/2021;304,80
18/11/2021;313,00
19/11/2021;314,15
22/11/2021;315,90
23/11/2021;316,90
24/11/2021;316,65
25/11/2021;317,90
26/11/2021;318,10
29/11/2021;321,80
30/11/2021;322,30
01/12/2021;321,60
02/12/2021;324,35
03/12/2021;312,95
06/12/2021;322,10
07/12/2021;316,50
08/12/2021;319,50
09/12/2021;312,25
10/12/2021;311,20
13/12/2021;316,35
14/12/2021;310,40
15/12/2021;308,00
16/12/2021;316,65
17/12/2021;318,85
20/12/2021;317,70
21/12/2021;327,75
22/12/2021;322,40
23/12/2021;327,50
27/12/2021;329,10
28/12/2021;331,40
29/12/2021;335,85
30/12/2021;336,50
03/01/2022;334,50
04/01/2022;339,65
05/01/2022;345,25
06/01/2022;337,60
07/01/2022;331,40
10/01/2022;339,00
11/01/2022;333,70
12/01/2022;335,05
13/01/2022;333,70
14/01/2022;335,50
17/01/2022;337,15
18/01/2022;333,95
19/01/2022;337,20
20/01/2022;339,25
21/01/2022;344,20
24/01/2022;338,20
25/01/2022;343,10
26/01/2022;342,30
27/01/2022;343,70
28/01/2022;339,40
31/01/2022;343,80
01/02/2022;333,90
02/02/2022;334,70
03/02/2022;334,00
04/02/2022;343,90
07/02/2022;330,30
08/02/2022;339,35
09/02/2022;341,05
10/02/2022;342,10
11/02/2022;342,05
14/02/2022;338,90
15/02/2022;338,15
16/02/2022;340,65
17/02/2022;345,90
18/02/2022;340,90
21/02/2022;343,60
22/02/2022;348,40
23/02/2022;343,95
24/02/2022;340,70
25/02/2022;343,05
02/03/2022;339,85
03/03/2022;342,35
04/03/2022;341,15
07/03/2022;345,35
08/03/2022;350,35
09/03/2022;342,80
10/03/2022;345,20
11/03/2022;347,00
14/03/2022;345,05
15/03/2022;341,10
16/03/2022;343,30
17/03/2022;349,45
18/03/2022;349,05
21/03/2022;346,00
22/03/2022;349,10
23/03/2022;345,30
24/03/2022;352,05
25/03/2022;347,00
28/03/2022;349,95
29/03/2022;341,60
30/03/2022;347,35
31/03/2022;323,25
01/04/2022;341,60
04/04/2022;335,40
05/04/2022;333,40
06/04/2022;336,70
07/04/2022;327,40
08/04/2022;345,95
11/04/2022;338,60
12/04/2022;337,10
13/04/2022;336,30
14/04/2022;338,90
18/04/2022;328,80
19/04/2022;340,25
20/04/2022;331,40
22/04/2022;327,75
25/04/2022;328,90
26/04/2022;334,00
27/04/2022;335,60
28/04/2022;333,30
29/04/2022;334,85
02/05/2022;328,90
03/05/2022;339,30
04/05/2022;331,95
05/05/2022;333,25
06/05/2022;333,25
09/05/2022;331,30
10/05/2022;330,50
11/05/2022;311,15
12/05/2022;325,40
13/05/2022;327,45
16/05/2022;334,80
17/05/2022;323,40
18/05/2022;307,25
19/05/2022;311,50
20/05/2022;324,45
23/05/2022;305,20
24/05/2022;314,15
25/05/2022;318,20
26/05/2022;319,10
27/05/2022;315,80
30/05/2022;320,40
31/05/2022;321,40
01/06/2022;314,60
02/06/2022;308,65
03/06/2022;312,50
06/06/2022;311,40
07/06/2022;315,15
08/06/2022;316,15
09/06/2022;312,10
10/06/2022;314,40
13/06/2022;311,05
14/06/2022;319,75
15/06/2022;317,70
17/06/2022;320,50
20/06/2022;323,60
21/06/2022;321,40
22/06/2022;321,50
23/06/2022;321,75
24/06/2022;322,90
27/06/2022;326,25
28/06/2022;326,00
29/06/2022;319,65
30/06/2022;320,25
01/07/2022;314,75
04/07/2022;324,95
05/07/2022;323,55
06/07/2022;316,00
07/07/2022;324,80
08/07/2022;324,95
11/07/2022;334,00
12/07/2022;324,70
13/07/2022;330,35
14/07/2022;324,65
15/07/2022;325,95
18/07/2022;327,05
19/07/2022;321,40
20/07/2022;323,70
21/07/2022;320,65
22/07/2022;324,10
25/07/2022;330,00
26/07/2022;322,75
27/07/2022;325,05
28/07/2022;323,50
29/07/2022;325,70
01/08/2022;326,65
02/08/2022;322,50
03/08/2022;299,55
04/08/2022;297,60
05/08/2022;310,65
08/08/2022;315,75
09/08/2022;317,00
10/08/2022;311,20
11/08/2022;307,80
12/08/2022;316,50
15/08/2022;313,50
16/08/2022;314,20
17/08/2022;316,60
18/08/2022;313,00
19/08/2022;318,35
22/08/2022;326,60
23/08/2022;303,20
24/08/2022;307,90
25/08/2022;313,45
26/08/2022;323,60
29/08/2022;311,35
30/08/2022;312,00
31/08/2022;309,10
01/09/2022;314,75
02/09/2022;310,25
05/09/2022;314,95
06/09/2022;303,95
08/09/2022;307,00
09/09/2022;292,30
12/09/2022;306,25
13/09/2022;308,40
14/09/2022;296,40
15/09/2022;291,60
16/09/2022;294,55
19/09/2022;308,05
20/09/2022;308,00
21/09/2022;297,50
22/09/2022;299,05
23/09/2022;300,60
26/09/2022;301,80
27/09/2022;306,70
28/09/2022;301,90
29/09/2022;302,30
30/09/2022;303,95
03/10/2022;290,10
04/10/2022;294,90
05/10/2022;295,00
06/10/2022;301,55
07/10/2022;303,50
10/10/2022;304,05
11/10/2022;302,30
13/10/2022;306,30
14/10/2022;297,40
17/10/2022;286,40
18/10/2022;302,45
19/10/2022;295,70
20/10/2022;299,70
21/10/2022;295,30
24/10/2022;310,80
25/10/2022;292,80
26/10/2022;284,20
27/10/2022;294,90
28/10/2022;285,40
31/10/2022;292,00
01/11/2022;281,35
03/11/2022;289,30
04/11/2022;287,70
07/11/2022;288,00
08/11/2022;283,80
09/11/2022;292,30
10/11/2022;279,10
11/11/2022;270,50
14/11/2022;270,50
16/11/2022;268,10
17/11/2022;286,45
18/11/2022;279,05
21/11/2022;291,40
22/11/2022;281,00
23/11/2022;283,65
24/11/2022;293,95
25/11/2022;287,75
28/11/2022;287,75
29/11/2022;280,45
30/11/2022;284,90
01/12/2022;290,70
02/12/2022;290,70
05/12/2022;293,50
06/12/2022;290,50
07/12/2022;284,90
08/12/2022;280,65
09/12/2022;295,85
12/12/2022;298,80
13/12/2022;291,25
14/12/2022;293,70
15/12/2022;296,45
16/12/2022;297,20
19/12/2022;304,55
20/12/2022;290,30
21/12/2022;288,30
22/12/2022;297,10
23/12/2022;290,00
26/12/2022;297,70
27/12/2022;286,60
28/12/2022;288,45
29/12/2022;286,85
02/01/2023;286,85
03/01/2023;293,45
04/01/2023;288,20
05/01/2023;284,95
06/01/2023;289,75
09/01/2023;271,85
10/01/2023;287,50
11/01/2023;287,15
12/01/2023;289,80
13/01/2023;288,75
16/01/2023;287,60
17/01/2023;279,50
18/01/2023;287,00
19/01/2023;284,90
20/01/2023;277,50
23/01/2023;286,70
24/01/2023;276,95
25/01/2023;284,70
26/01/2023;290,05
27/01/2023;290,20
30/01/2023;289,35
31/01/2023;288,70
01/02/2023;291,10
02/02/2023;290,10
03/02/2023;286,40
06/02/2023;293,10
07/02/2023;289,25
08/02/2023;296,60
09/02/2023;295,15
10/02/2023;295,00
13/02/2023;302,70
14/02/2023;300,90
15/02/2023;296,00
16/02/2023;302,95
17/02/2023;294,60
22/02/2023;299,50
23/02/2023;267,45
24/02/2023;273,10
27/02/2023;273,10
28/02/2023;267,95
01/03/2023;273,85
02/03/2023;273,85
03/03/2023;273,85
06/03/2023;273,85
07/03/2023;266,95
08/03/2023;266,95
09/03/2023;276,80
10/03/2023;282,20
13/03/2023;280,20
14/03/2023;276,25
15/03/2023;276,05
16/03/2023;278,90
17/03/2023;278,90
20/03/2023;277,80
21/03/2023;279,65
22/03/2023;276,25
23/03/2023;292,90
24/03/2023;298,80
27/03/2023;295,35
28/03/2023;295,20
29/03/2023;295,75
30/03/2023;295,10
31/03/2023;295,95
03/04/2023;296,85
04/04/2023;294,25
05/04/2023;290,30
06/04/2023;294,15
10/04/2023;284,90
11/04/2023;293,00
12/04/2023;291,55
13/04/2023;285,35
14/04/2023;285,90
17/04/2023;286,80
18/04/2023;284,40
19/04/2023;278,40
20/04/2023;285,40
24/04/2023;282,90
25/04/2023;281,60
26/04/2023;279,15
27/04/2023;278,20
28/04/2023;271,40
02/05/2023;273,35
03/05/2023;262,30
04/05/2023;260,45
05/05/2023;269,60
08/05/2023;274,35
09/05/2023;272,55
10/05/2023;274,70
11/05/2023;271,25
12/05/2023;272,55
15/05/2023;273,60
16/05/2023;267,20
17/05/2023;267,75
18/05/2023;267,30
19/05/2023;263,60
22/05/2023;263,55
23/05/2023;261,85
24/05/2023;257,30
25/05/2023;255,85
26/05/2023;253,30
29/05/2023;256,90
30/05/2023;241,75
31/05/2023;243,25
01/06/2023;243,90
02/06/2023;248,30
05/06/2023;248,85
06/06/2023;244,90
07/06/2023;244,40
09/06/2023;251,10
12/06/2023;237,65
13/06/2023;243,65
14/06/2023;249,40
15/06/2023;236,15
16/06/2023;244,20
19/06/2023;243,15
20/06/2023;251,60
21/06/2023;252,95
22/06/2023;249,90
23/06/2023;252,40
26/06/2023;257,80
27/06/2023;258,00
28/06/2023;252,20
29/06/2023;260,00
30/06/2023;254,20
03/07/2023;259,05
04/07/2023;258,65
05/07/2023;244,70
06/07/2023;257,30
07/07/2023;256,25
10/07/2023;254,70
11/07/2023;257,15
12/07/2023;258,00
13/07/2023;253,20
14/07/2023;254,90
17/07/2023;257,00
18/07/2023;248,20
19/07/2023;246,15
20/07/2023;250,90
21/07/2023;246,35
24/07/2023;247,10
25/07/2023;243,60
26/07/2023;243,50
27/07/2023;241,40
28/07/2023;245,05
31/07/2023;243,85
01/08/2023;240,10
02/08/2023;242,10
03/08/2023;232,40
04/08/2023;240,20
07/08/2023;237,70
08/08/2023;238,00
09/08/2023;237,35
10/08/2023;233,95
11/08/2023;230,10
14/08/2023;230,40
15/08/2023;221,20
16/08/2023;217,15
17/08/2023;219,05
18/08/2023;211,85
21/08/2023;215,10
22/08/2023;214,95
23/08/2023;205,30
24/08/2023;199,75
25/08/2023;199,90
28/08/2023;199,25
29/08/2023;202,95
30/08/2023;199,75
31/08/2023;199,80
01/09/2023;199,65
04/09/2023;199,20
05/09/2023;201,00
06/09/2023;200,35
08/09/2023;202,70
11/09/2023;204,15
12/09/2023;196,35
13/09/2023;202,00
14/09/2023;204,00
15/09/2023;213,70
18/09/2023;214,90
19/09/2023;209,85
20/09/2023;215,40
21/09/2023;218,65
22/09/2023;222,10
25/09/2023;220,80
26/09/2023;226,55
27/09/2023;228,30
28/09/2023;234,50
29/09/2023;236,15
02/10/2023;236,05
03/10/2023;238,80
04/10/2023;233,95
05/10/2023;239,20
06/10/2023;239,80
09/10/2023;238,00
10/10/2023;237,80
11/10/2023;233,05
13/10/2023;231,90
16/10/2023;243,45
17/10/2023;241,70
18/10/2023;230,80
19/10/2023;242,10
20/10/2023;241,10
23/10/2023;237,40
24/10/2023;239,45
25/10/2023;240,05
26/10/2023;240,75
27/10/2023;230,00
30/10/2023;241,70
31/10/2023;237,50
01/11/2023;232,85
03/11/2023;234,95
06/11/2023;240,60
07/11/2023;228,50
08/11/2023;229,50
09/11/2023;228,25
10/11/2023;234,65
13/11/2023;231,75
14/11/2023;231,25
16/11/2023;227,95
17/11/2023;235,60
20/11/2023;235,60
21/11/2023;235,65
22/11/2023;232,80
23/11/2023;237,80
24/11/2023;232,35
27/11/2023;241,70
28/11/2023;244,70
29/11/2023;241,20
30/11/2023;239,70
01/12/2023;248,10
04/12/2023;249,45
05/12/2023;246,35
06/12/2023;240,70
07/12/2023;243,05
08/12/2023;247,95
11/12/2023;249,40
12/12/2023;250,80
13/12/2023;248,65
14/12/2023;249,40
15/12/2023;249,15
18/12/2023;250,35
19/12/2023;242,80
20/12/2023;248,90
21/12/2023;250,20
22/12/2023;251,90
26/12/2023;252,50
27/12/2023;252,05
28/12/2023;252,30
02/01/2024;255,50
03/01/2024;250,15
04/01/2024;251,75
05/01/2024;251,45
08/01/2024;252,65
09/01/2024;249,05
10/01/2024;250,40
11/01/2024;250,95
12/01/2024;251,30
15/01/2024;248,55
16/01/2024;249,70
17/01/2024;249,50
18/01/2024;251,10
19/01/2024;249,60
22/01/2024;249,10
23/01/2024;248,00
24/01/2024;248,00
25/01/2024;247,70
26/01/2024;247,10
29/01/2024;248,55
30/01/2024;247,20
31/01/2024;245,00
01/02/2024;242,90
02/02/2024;240,20
05/02/2024;239,70
06/02/2024;237,55
07/02/2024;238,00
08/02/2024;239,15
09/02/2024;239,35
14/02/2024;237,80
15/02/2024;238,95
16/02/2024;240,45
19/02/2024;239,20
20/02/2024;235,50
21/02/2024;236,35
22/02/2024;235,60
23/02/2024;236,25
26/02/2024;236,45
27/02/2024;235,20
28/02/2024;234,90
29/02/2024;235,40
01/03/2024;235,05
04/03/2024;235,10
05/03/2024;233,30
06/03/2024;234,05
07/03/2024;236,70
08/03/2024;234,60
11/03/2024;233,85
12/03/2024;233,15
13/03/2024;232,30
14/03/2024;233,60
15/03/2024;231,50
18/03/2024;231,25
19/03/2024;228,50
20/03/2024;230,90
21/03/2024;231,70
22/03/2024;232,30
25/03/2024;232,00
26/03/2024;232,20
27/03/2024;231,80
28/03/2024;232,30
01/04/2024;228,05
02/04/2024;228,60
03/04/2024;227,30
04/04/2024;227,95
05/04/2024;230,40
08/04/2024;225,90
09/04/2024;229,00
10/04/2024;233,20
11/04/2024;230,40
12/04/2024;231,20
15/04/2024;230,70
16/04/2024;230,80
17/04/2024;229,20
18/04/2024;232,05
19/04/2024;234,50
22/04/2024;231,00
23/04/2024;233,95
24/04/2024;232,60
25/04/2024;233,15
26/04/2024;232,25
29/04/2024;229,60
30/04/2024;229,35
02/05/2024;231,10
03/05/2024;233,80
06/05/2024;233,75
07/05/2024;233,15
08/05/2024;233,05
09/05/2024;231,80
10/05/2024;230,15
13/05/2024;228,65
14/05/2024;227,00
15/05/2024;226,50
16/05/2024;225,90
17/05/2024;225,60
20/05/2024;225,60
21/05/2024;225,10
22/05/2024;223,70
23/05/2024;222,50
24/05/2024;222,05
27/05/2024;221,40
28/05/2024;221,90
29/05/2024;221,50
31/05/2024;221,15
03/06/2024;216,70
04/06/2024;216,60
05/06/2024;216,55
06/06/2024;215,95
07/06/2024;215,30
10/06/2024;215,80
11/06/2024;216,00
12/06/2024;219,25
13/06/2024;220,50
14/06/2024;221,25
17/06/2024;221,50
18/06/2024;221,50
19/06/2024;222,60
20/06/2024;223,60
21/06/2024;223,75
24/06/2024;225,65
25/06/2024;225,40
26/06/2024;225,00
27/06/2024;226,00
28/06/2024;225,15
01/07/2024;225,65
02/07/2024;225,30
03/07/2024;224,25
04/07/2024;227,15
05/07/2024;227,30
08/07/2024;228,00
09/07/2024;228,00
10/07/2024;227,25
11/07/2024;226,55
12/07/2024;227,10
15/07/2024;226,50
16/07/2024;230,40
17/07/2024;231,20
18/07/2024;232,75
19/07/2024;232,30
22/07/2024;231,50
23/07/2024;230,40
24/07/2024;229,70
25/07/2024;232,20
26/07/2024;232,35
29/07/2024;232,35
30/07/2024;232,60
31/07/2024;232,50
01/08/2024;231,95
02/08/2024;233,15
05/08/2024;234,40
06/08/2024;234,70
07/08/2024;230,55
08/08/2024;231,20
09/08/2024;234,30
12/08/2024;235,40
13/08/2024;235,40
14/08/2024;234,20
15/08/2024;232,85
16/08/2024;233,50
19/08/2024;233,45
20/08/2024;234,75
21/08/2024;235,50
22/08/2024;236,30
23/08/2024;237,70
26/08/2024;237,80
27/08/2024;237,85
28/08/2024;237,90
29/08/2024;239,00
30/08/2024;239,75
02/09/2024;237,40
03/09/2024;241,80
04/09/2024;243,60
05/09/2024;246,80
06/09/2024;246,90
09/09/2024;247,15
10/09/2024;247,20
11/09/2024;249,35
12/09/2024;251,35
13/09/2024;254,00
16/09/2024;252,45
17/09/2024;257,05
18/09/2024;257,30
19/09/2024;259,95
20/09/2024;261,05
23/09/2024;261,70
24/09/2024;265,05
25/09/2024;265,60
26/09/2024;270,55
27/09/2024;273,90
30/09/2024;274,35
01/10/2024;276,35
02/10/2024;281,00
03/10/2024;285,80
04/10/2024;291,80
07/10/2024;293,15
08/10/2024;294,20
09/10/2024;293,90
10/10/2024;294,50
11/10/2024;297,50
14/10/2024;298,55
15/10/2024;299,25
16/10/2024;300,30
17/10/2024;301,95
18/10/2024;302,10
21/10/2024;306,30
22/10/2024;308,10
23/10/2024;308,80
24/10/2024;312,75
25/10/2024;313,10
28/10/2024;314,10
29/10/2024;315,70
30/10/2024;318,30
31/10/2024;318,60
01/11/2024;320,55
04/11/2024;320,80
05/11/2024;320,90
06/11/2024;325,50
07/11/2024;326,30
08/11/2024;329,05
11/11/2024;334,60
12/11/2024;335,15
13/11/2024;339,60
14/11/2024;342,20
18/11/2024;344,20
19/11/2024;344,45
21/11/2024;347,05
22/11/2024;347,55
25/11/2024;349,75
26/11/2024;352,00
27/11/2024;352,65
28/11/2024;352,10
29/11/2024;351,95
02/12/2024;351,80
03/12/2024;336,40
04/12/2024;332,35
05/12/2024;323,90
06/12/2024;323,70
09/12/2024;322,15
10/12/2024;316,10
11/12/2024;316,45
12/12/2024;316,85
13/12/2024;313,80
16/12/2024;309,80
17/12/2024;310,90
18/12/2024;315,15
19/12/2024;315,55
20/12/2024;315,10
23/12/2024;314,60
26/12/2024;315,85
27/12/2024;318,35
30/12/2024;317,40
02/01/2025;321,55
03/01/2025;321,85
06/01/2025;321,85
07/01/2025;322,50
08/01/2025;323,70
09/01/2025;323,90
10/01/2025;324,35
13/01/2025;325,60
14/01/2025;325,70
15/01/2025;326,95
16/01/2025;325,30
17/01/2025;326,65
20/01/2025;326,60
21/01/2025;326,60
22/01/2025;327,15
23/01/2025;325,40
24/01/2025;325,10
27/01/2025;326,70
28/01/2025;325,20
29/01/2025;325,85
30/01/2025;326,00
31/01/2025;324,45
03/02/2025;326,10
04/02/2025;327,10
05/02/2025;325,85
06/02/2025;326,90
07/02/2025;324,60
10/02/2025;324,65
11/02/2025;324,25
12/02/2025;322,80
13/02/2025;320,05
14/02/2025;320,30
17/02/2025;320,30
18/02/2025;317,45
19/02/2025;315,30
20/02/2025;314,20
21/02/2025;314,20
24/02/2025;314,25
25/02/2025;312,10
26/02/2025;311,40
27/02/2025;311,40
28/02/2025;310,95
05/03/2025;309,70
06/03/2025;311,00
07/03/2025;311,65
10/03/2025;311,45
11/03/2025;311,95
12/03/2025;312,10
13/03/2025;312,10
14/03/2025;309,70
17/03/2025;309,20
18/03/2025;310,10
19/03/2025;310,25
20/03/2025;311,25
21/03/2025;312,60
24/03/2025;312,75
25/03/2025;312,95
26/03/2025;312,95
27/03/2025;316,55
28/03/2025;319,10
31/03/2025;319,50
01/04/2025;320,75
02/04/2025;320,80
03/04/2025;321,60
04/04/2025;324,60
07/04/2025;324,60
08/04/2025;324,40
09/04/2025;322,00
10/04/2025;323,80
11/04/2025;324,50
14/04/2025;328,50
15/04/2025;327,00
16/04/2025;326,00
17/04/2025;326,65
22/04/2025;327,30
23/04/2025;325,95
24/04/2025;324,15
25/04/2025;323,90
28/04/2025;323,90
29/04/2025;319,90
30/04/2025;318,85
02/05/2025;318,85
05/05/2025;319,45
06/05/2025;316,50
07/05/2025;315,75
08/05/2025;309,20
09/05/2025;309,20
12/05/2025;313,80
13/05/2025;308,35
14/05/2025;308,00
15/05/2025;308,00
16/05/2025;302,60
19/05/2025;302,15
20/05/2025;306,40
21/05/2025;303,65
22/05/2025;303,65
23/05/2025;301,00
26/05/2025;301,40
27/05/2025;305,60
28/05/2025;305,10
29/05/2025;306,50
30/05/2025;306,10
02/06/2025;306,10
03/06/2025;306,40
04/06/2025;311,20
05/06/2025;311,15
06/06/2025;311,15
09/06/2025;311,75
10/06/2025;312,20
11/06/2025;314,20
12/06/2025;315,85
13/06/2025;314,35
16/06/2025;314,35
17/06/2025;313,85
18/06/2025;314,40
20/06/2025;314,40
23/06/2025;314,40
24/06/2025;317,70
25/06/2025;316,20
26/06/2025;315,75
27/06/2025;317,40
30/06/2025;317,40
01/07/2025;310,65
02/07/2025;310,65
03/07/2025;310,40
04/07/2025;310,40
07/07/2025;305,55
08/07/2025;305,60
09/07/2025;305,00
10/07/2025;299,70
11/07/2025;299,70
14/07/2025;299,25
15/07/2025;300,60
16/07/2025;298,50
17/07/2025;298,50
18/07/2025;296,75
21/07/2025;293,90
22/07/2025;296,10
23/07/2025;296,10
24/07/2025;294,45
25/07/2025;291,80
28/07/2025;292,65
29/07/2025;294,50
30/07/2025;294,20
31/07/2025;294,35
01/08/2025;294,35
04/08/2025;298,95
05/08/2025;301,00
06/08/2025;304,30
07/08/2025;305,30
08/08/2025;305,60
11/08/2025;305,60
12/08/2025;309,85
13/08/2025;308,70
14/08/2025;308,90
15/08/2025;308,30
18/08/2025;307,05
19/08/2025;307,75
20/08/2025;310,55
21/08/2025;310,75
22/08/2025;310,55
25/08/2025;310,55
26/08/2025;310,95
27/08/2025;311,35
28/08/2025;311,40
29/08/2025;310,50
01/09/2025;310,50
02/09/2025;313,65
03/09/2025;313,40
04/09/2025;313,40
05/09/2025;312,10
08/09/2025;312,25
09/09/2025;311,70
10/09/2025;311,65
11/09/2025;310,75
12/09/2025;310,75
15/09/2025;307,90
16/09/2025;307,05
17/09/2025;305,10
18/09/2025;305,20
19/09/2025;304,10
22/09/2025;304,45
23/09/2025;304,45
24/09/2025;301,80
25/09/2025;302,00
26/09/2025;302,95
29/09/2025;303,95
30/09/2025;304,10
01/10/2025;305,60
02/10/2025;305,80
03/10/2025;307,35
06/10/2025;307,35
07/10/2025;306,50
08/10/2025;307,60
09/10/2025;307,95
10/10/2025;307,95
13/10/2025;308,30
14/10/2025;308,70
15/10/2025;309,15
16/10/2025;309,15
17/10/2025;309,70
20/10/2025;310,20
21/10/2025;310,90
22/10/2025;311,40
23/10/2025;311,40
24/10/2025;313,15
27/10/2025;313,35
28/10/2025;314,65
29/10/2025;317,90
30/10/2025;318,85
31/10/2025;318,85
03/11/2025;320,20
04/11/2025;322,55
05/11/2025;323,40
06/11/2025;323,70
07/11/2025;323,70
10/11/2025;322,65
11/11/2025;322,15
12/11/2025;321,85
13/11/2025;322,45
14/11/2025;322,65
17/11/2025;321,35
18/11/2025;321,25
19/11/2025;321,50
21/11/2025;322,45
24/11/2025;322,45
25/11/2025;321,25
26/11/2025;321,10
27/11/2025;321,30
28/11/2025;321,60
01/12/2025;321,60
02/12/2025;321,75
03/12/2025;321,20
04/12/2025;322,05
05/12/2025;322,10
08/12/2025;322,10
09/12/2025;322,50
10/12/2025;320,90
11/12/2025;320,90
12/12/2025;320,80
15/12/2025;321,15
16/12/2025;319,25
17/12/2025;319,20
18/12/2025;318,00
19/12/2025;318,00
22/12/2025;317,85
23/12/2025;319,50
26/12/2025;319,50
29/12/2025;318,00
30/12/2025;319,20
02/01/2026;319,20
05/01/2026;318,50
06/01/2026;318,65
07/01/2026;318,15
08/01/2026;319,30
09/01/2026;319,40
12/01/2026;319,40
13/01/2026;318,65
14/01/2026;318,55
15/01/2026;317,85
16/01/2026;318,05
19/01/2026;318,65
20/01/2026;321,00
21/01/2026;319,10
22/01/2026;321,20
23/01/2026;321,40
26/01/2026;322,70
27/01/2026;323,10
28/01/2026;326,00
29/01/2026;326,80
30/01/2026;326,90
02/02/2026;327,20
03/02/2026;328,90
04/02/2026;333,25
05/02/2026;336,15
06/02/2026;336,95
09/02/2026;337,20
10/02/2026;337,30
11/02/2026;341,90
12/02/2026;342,95
13/02/2026;344,05
18/02/2026;343,90
19/02/2026;345,40
20/02/2026;348,55
23/02/2026;349,75
24/02/2026;350,10
25/02/2026;351,00
26/02/2026;352,80
27/02/2026;353,15
02/03/2026;353,10
03/03/2026;350,50
04/03/2026;348,65
05/03/2026;347,30
06/03/2026;346,05
09/03/2026;347,40
10/03/2026;346,80
11/03/2026;347,25
12/03/2026;347,50
13/03/2026;346,60
16/03/2026;346,45
17/03/2026;347,70
18/03/2026;348,85
19/03/2026;349,60
20/03/2026;350,65
23/03/2026;350,70
24/03/2026;351,40
25/03/2026;354,65
26/03/2026;355,55
27/03/2026;355,45
30/03/2026;355,75
31/03/2026;356,00
01/04/2026;358,90
02/04/2026;360,90
06/04/2026;361,05
07/04/2026;364,25
08/04/2026;365,00
09/04/2026;365,45
10/04/2026;365,60
13/04/2026;366,20
14/04/2026;367,05
15/04/2026;367,30
16/04/2026;365,50
17/04/2026;365,10
20/04/2026;366,00
22/04/2026;363,85
23/04/2026;362,40
24/04/2026;362,00
27/04/2026;360,70
28/04/2026;358,40
29/04/2026;355,25
30/04/2026;354,45
04/05/2026;354,20
05/05/2026;353,80
06/05/2026;354,05
07/05/2026;353,75
08/05/2026;352,55
11/05/2026;349,30
12/05/2026;348,80
13/05/2026;346,00
14/05/2026;344,60
15/05/2026;344,60
18/05/2026;345,30
19/05/2026;344,80
20/05/2026;345,10
21/05/2026;345,45
22/05/2026;345,75
25/05/2026;346,20
26/05/2026;347,80
27/05/2026;348,30
