Data;ﭺ vista R$;ﭺ vista US$
04/01/2016;37,31;9,22
05/01/2016;37,41;9,37
06/01/2016;38,40;9,56
07/01/2016;38,78;9,59
08/01/2016;39,51;9,79
11/01/2016;40,37;9,97
12/01/2016;41,74;10,33
13/01/2016;42,60;10,65
14/01/2016;43,44;10,88
15/01/2016;43,36;10,71
18/01/2016;43,28;10,74
19/01/2016;43,21;10,67
20/01/2016;43,31;10,52
21/01/2016;43,46;10,46
22/01/2016;43,27;10,54
25/01/2016;42,84;10,44
26/01/2016;42,92;10,56
27/01/2016;42,85;10,49
28/01/2016;42,71;10,49
29/01/2016;42,27;10,50
01/02/2016;42,54;10,72
02/02/2016;42,35;10,63
03/02/2016;42,64;10,87
04/02/2016;42,49;10,92
05/02/2016;42,33;10,82
10/02/2016;42,68;10,85
11/02/2016;42,84;10,77
12/02/2016;42,93;10,75
15/02/2016;42,95;10,76
16/02/2016;42,97;10,57
17/02/2016;42,86;10,78
18/02/2016;42,96;10,64
19/02/2016;43,26;10,71
22/02/2016;43,05;10,92
23/02/2016;43,20;10,91
24/02/2016;43,53;11,01
25/02/2016;43,72;11,09
26/02/2016;43,73;10,95
29/02/2016;43,63;10,92
01/03/2016;44,19;11,21
02/03/2016;44,69;11,48
03/03/2016;45,01;11,80
04/03/2016;44,91;11,91
07/03/2016;45,20;11,93
08/03/2016;45,88;12,22
09/03/2016;46,35;12,53
10/03/2016;47,71;13,10
11/03/2016;47,49;13,18
14/03/2016;47,85;13,13
15/03/2016;48,50;12,91
16/03/2016;48,77;13,01
17/03/2016;48,70;13,36
18/03/2016;48,95;13,64
21/03/2016;49,10;13,60
22/03/2016;49,80;13,87
23/03/2016;49,75;13,54
24/03/2016;49,46;13,40
28/03/2016;49,85;13,74
29/03/2016;49,85;13,72
30/03/2016;49,60;13,70
31/03/2016;49,68;13,79
01/04/2016;49,91;13,98
04/04/2016;49,53;13,75
05/04/2016;49,34;13,44
06/04/2016;49,35;13,53
07/04/2016;49,33;13,37
08/04/2016;49,40;13,71
11/04/2016;48,95;14,00
12/04/2016;48,98;13,94
13/04/2016;48,97;14,03
14/04/2016;48,63;13,97
15/04/2016;48,27;13,74
18/04/2016;48,50;13,46
19/04/2016;48,72;13,78
20/04/2016;48,61;13,77
22/04/2016;48,80;13,66
25/04/2016;48,37;13,63
26/04/2016;48,82;13,86
27/04/2016;48,54;13,78
28/04/2016;48,70;13,93
29/04/2016;48,65;14,15
02/05/2016;49,20;14,09
03/05/2016;49,39;13,86
04/05/2016;49,45;13,99
05/05/2016;49,68;14,01
06/05/2016;50,01;14,30
09/05/2016;49,97;14,17
10/05/2016;50,04;14,42
11/05/2016;50,43;14,63
12/05/2016;51,03;14,70
13/05/2016;51,70;14,68
16/05/2016;51,55;14,75
17/05/2016;51,81;14,85
18/05/2016;52,82;14,84
19/05/2016;52,79;14,79
20/05/2016;52,91;14,95
23/05/2016;52,81;14,75
24/05/2016;53,02;14,81
25/05/2016;53,07;14,75
27/05/2016;52,97;14,69
30/05/2016;53,26;14,90
31/05/2016;53,15;14,69
01/06/2016;53,21;14,81
02/06/2016;53,91;15,04
03/06/2016;53,81;15,26
06/06/2016;53,21;15,23
07/06/2016;53,26;15,44
08/06/2016;53,38;15,84
09/06/2016;53,56;15,77
10/06/2016;53,37;15,57
13/06/2016;53,29;15,32
14/06/2016;52,80;15,13
15/06/2016;52,04;15,02
16/06/2016;51,95;14,98
17/06/2016;50,62;14,79
20/06/2016;48,40;14,25
21/06/2016;46,05;13,54
22/06/2016;44,47;13,17
23/06/2016;43,20;12,90
24/06/2016;42,64;12,64
27/06/2016;42,64;12,55
28/06/2016;42,20;12,78
29/06/2016;41,36;12,78
30/06/2016;41,28;12,84
01/07/2016;41,12;12,73
04/07/2016;41,56;12,73
05/07/2016;41,32;12,52
06/07/2016;41,12;12,33
07/07/2016;41,86;12,46
08/07/2016;41,65;12,67
11/07/2016;41,23;12,46
12/07/2016;41,72;12,69
13/07/2016;42,48;12,96
14/07/2016;43,21;13,29
15/07/2016;43,86;13,49
18/07/2016;44,97;13,84
19/07/2016;45,91;14,10
20/07/2016;46,73;14,38
21/07/2016;47,30;14,40
22/07/2016;47,39;14,54
25/07/2016;47,48;14,43
26/07/2016;48,05;14,69
27/07/2016;47,89;14,67
28/07/2016;47,84;14,53
29/07/2016;48,21;14,89
01/08/2016;48,55;14,84
02/08/2016;48,09;14,72
03/08/2016;47,36;14,63
04/08/2016;47,44;14,83
05/08/2016;47,08;14,87
08/08/2016;46,89;14,81
09/08/2016;46,56;14,84
10/08/2016;46,37;14,85
11/08/2016;45,90;14,63
12/08/2016;45,78;14,36
15/08/2016;45,43;14,28
16/08/2016;44,83;14,07
17/08/2016;44,98;14,01
18/08/2016;44,60;13,77
19/08/2016;44,63;13,90
22/08/2016;44,44;13,88
23/08/2016;44,58;13,79
24/08/2016;44,37;13,76
25/08/2016;44,38;13,75
26/08/2016;43,71;13,37
29/08/2016;43,32;13,40
30/08/2016;42,86;13,21
31/08/2016;42,71;13,25
01/09/2016;42,40;13,05
02/09/2016;42,96;13,22
05/09/2016;42,94;13,10
06/09/2016;42,76;13,32
08/09/2016;41,92;13,05
09/09/2016;42,14;12,86
12/09/2016;41,97;12,93
13/09/2016;42,15;12,71
14/09/2016;42,25;12,66
15/09/2016;42,55;12,87
16/09/2016;42,78;13,11
19/09/2016;42,31;12,93
20/09/2016;42,06;12,93
21/09/2016;41,97;13,06
22/09/2016;41,29;12,83
23/09/2016;40,96;12,65
26/09/2016;40,47;12,47
27/09/2016;40,77;12,63
28/09/2016;40,88;12,68
29/09/2016;41,10;12,62
30/09/2016;41,53;12,77
03/10/2016;41,89;13,09
04/10/2016;42,70;13,12
05/10/2016;43,24;13,43
06/10/2016;43,75;13,57
07/10/2016;43,64;13,57
10/10/2016;43,78;13,66
11/10/2016;43,71;13,67
13/10/2016;43,74;13,76
14/10/2016;43,48;13,57
17/10/2016;43,03;13,43
18/10/2016;42,57;13,38
19/10/2016;42,14;13,29
20/10/2016;41,73;13,30
21/10/2016;41,10;12,99
24/10/2016;40,40;12,95
25/10/2016;40,09;12,90
26/10/2016;39,98;12,72
27/10/2016;40,16;12,74
28/10/2016;40,32;12,61
31/10/2016;40,86;12,83
01/11/2016;40,83;12,60
03/11/2016;40,84;12,62
04/11/2016;40,61;12,61
07/11/2016;40,39;12,60
08/11/2016;39,86;12,57
09/11/2016;39,51;12,29
10/11/2016;39,12;11,63
11/11/2016;39,33;11,54
14/11/2016;39,53;11,49
16/11/2016;40,15;11,71
17/11/2016;39,72;11,62
18/11/2016;39,03;11,55
21/11/2016;37,93;11,32
22/11/2016;37,59;11,19
23/11/2016;37,46;11,05
24/11/2016;37,06;10,94
25/11/2016;36,64;10,74
28/11/2016;36,85;10,89
29/11/2016;36,43;10,72
30/11/2016;36,49;10,78
01/12/2016;36,54;10,53
02/12/2016;36,53;10,55
05/12/2016;36,79;10,73
06/12/2016;37,30;10,95
07/12/2016;37,48;10,98
08/12/2016;38,20;11,29
09/12/2016;37,91;11,26
12/12/2016;38,36;11,46
13/12/2016;39,05;11,75
14/12/2016;38,80;11,61
15/12/2016;38,63;11,45
16/12/2016;38,87;11,46
19/12/2016;39,36;11,67
20/12/2016;39,34;11,75
21/12/2016;38,84;11,67
22/12/2016;39,07;11,85
23/12/2016;38,80;11,86
26/12/2016;38,82;11,85
27/12/2016;38,80;11,84
28/12/2016;38,51;11,74
29/12/2016;38,17;11,75
02/01/2017;38,51;11,72
03/01/2017;37,94;11,65
04/01/2017;37,25;11,56
05/01/2017;36,90;11,54
06/01/2017;36,30;11,27
09/01/2017;35,75;11,19
10/01/2017;34,77;10,89
11/01/2017;34,40;10,81
12/01/2017;34,39;10,85
13/01/2017;34,17;10,63
16/01/2017;34,23;10,58
17/01/2017;34,52;10,75
18/01/2017;35,11;10,91
19/01/2017;35,05;10,96
20/01/2017;35,59;11,20
23/01/2017;36,33;11,47
24/01/2017;36,39;11,48
25/01/2017;36,50;11,52
26/01/2017;36,61;11,52
27/01/2017;36,66;11,63
30/01/2017;36,55;11,73
31/01/2017;36,40;11,57
01/02/2017;36,06;11,45
02/02/2017;35,94;11,53
03/02/2017;36,41;11,69
06/02/2017;36,34;11,63
07/02/2017;36,02;11,54
08/02/2017;36,37;11,67
09/02/2017;36,42;11,64
10/02/2017;36,57;11,77
13/02/2017;36,54;11,74
14/02/2017;36,36;11,74
15/02/2017;36,04;11,76
16/02/2017;36,13;11,74
17/02/2017;36,06;11,66
20/02/2017;35,91;11,64
21/02/2017;36,02;11,66
22/02/2017;36,39;11,86
23/02/2017;36,10;11,80
24/02/2017;36,10;11,61
01/03/2017;35,96;11,62
02/03/2017;36,11;11,48
03/03/2017;36,25;11,64
06/03/2017;35,95;11,50
07/03/2017;35,89;11,52
08/03/2017;35,48;11,23
09/03/2017;35,53;11,13
10/03/2017;35,44;11,29
13/03/2017;34,85;11,06
14/03/2017;35,33;11,13
15/03/2017;35,11;11,28
16/03/2017;35,01;11,22
17/03/2017;34,64;11,18
20/03/2017;34,32;11,18
21/03/2017;33,19;10,76
22/03/2017;32,80;10,60
23/03/2017;31,74;10,12
24/03/2017;31,63;10,18
27/03/2017;30,46;9,73
28/03/2017;30,42;9,68
29/03/2017;30,16;9,67
30/03/2017;30,27;9,65
31/03/2017;30,12;9,63
03/04/2017;29,39;9,44
04/04/2017;28,86;9,31
05/04/2017;28,44;9,16
06/04/2017;28,23;8,98
07/04/2017;28,14;8,92
10/04/2017;27,92;8,90
11/04/2017;27,51;8,73
12/04/2017;27,53;8,75
13/04/2017;27,80;8,84
17/04/2017;27,86;8,98
18/04/2017;28,56;9,15
19/04/2017;28,46;9,06
20/04/2017;28,60;9,07
24/04/2017;28,96;9,25
25/04/2017;28,52;9,05
26/04/2017;28,56;9,00
27/04/2017;28,23;8,89
28/04/2017;28,17;8,88
02/05/2017;27,91;8,85
03/05/2017;28,24;8,95
04/05/2017;28,51;8,95
05/05/2017;28,25;8,90
08/05/2017;28,22;8,83
09/05/2017;28,03;8,81
10/05/2017;28,15;8,89
11/05/2017;27,99;8,88
12/05/2017;28,09;8,99
15/05/2017;28,13;9,05
16/05/2017;27,88;9,00
17/05/2017;27,67;8,87
18/05/2017;27,80;8,22
19/05/2017;28,07;8,61
22/05/2017;27,88;8,50
23/05/2017;27,85;8,54
24/05/2017;27,60;8,42
25/05/2017;27,11;8,24
26/05/2017;27,23;8,33
29/05/2017;26,90;8,23
30/05/2017;26,82;8,22
31/05/2017;26,49;8,18
01/06/2017;26,52;8,16
02/06/2017;26,48;8,14
05/06/2017;26,61;8,09
06/06/2017;26,84;8,18
07/06/2017;26,79;8,18
08/06/2017;27,19;8,33
09/06/2017;27,35;8,33
12/06/2017;27,12;8,19
13/06/2017;27,25;8,25
14/06/2017;27,09;8,24
16/06/2017;27,11;8,25
19/06/2017;27,21;8,27
20/06/2017;27,24;8,17
21/06/2017;27,03;8,12
22/06/2017;26,84;8,06
23/06/2017;26,82;8,03
26/06/2017;26,39;7,99
27/06/2017;26,36;7,94
28/06/2017;26,23;7,98
29/06/2017;25,89;7,84
30/06/2017;25,49;7,70
03/07/2017;26,10;7,91
04/07/2017;26,25;7,94
05/07/2017;26,71;8,11
06/07/2017;26,66;8,08
07/07/2017;26,80;8,16
10/07/2017;26,86;8,24
11/07/2017;27,22;8,37
12/07/2017;27,05;8,44
13/07/2017;26,64;8,29
14/07/2017;26,26;8,25
17/07/2017;26,38;8,29
18/07/2017;26,66;8,45
19/07/2017;26,77;8,51
20/07/2017;26,63;8,51
21/07/2017;26,41;8,42
24/07/2017;25,92;8,24
25/07/2017;25,77;8,13
26/07/2017;25,49;8,12
27/07/2017;25,55;8,09
28/07/2017;25,40;8,11
31/07/2017;25,44;8,16
01/08/2017;25,36;8,12
02/08/2017;25,31;8,11
03/08/2017;25,20;8,09
04/08/2017;25,76;8,24
07/08/2017;26,00;8,33
08/08/2017;25,88;8,28
09/08/2017;25,99;8,25
10/08/2017;26,14;8,25
11/08/2017;26,33;8,31
14/08/2017;26,48;8,30
15/08/2017;27,05;8,52
16/08/2017;27,48;8,72
17/08/2017;27,64;8,69
18/08/2017;27,96;8,89
21/08/2017;27,83;8,78
22/08/2017;27,57;8,71
23/08/2017;27,42;8,74
24/08/2017;26,98;8,58
25/08/2017;26,94;8,54
28/08/2017;26,95;8,53
29/08/2017;26,80;8,48
30/08/2017;26,93;8,52
31/08/2017;27,30;8,67
01/09/2017;27,35;8,70
04/09/2017;27,93;8,91
05/09/2017;27,95;8,97
06/09/2017;28,09;9,05
08/09/2017;28,13;9,10
11/09/2017;28,39;9,16
12/09/2017;28,36;9,06
13/09/2017;28,45;9,09
14/09/2017;28,83;9,25
15/09/2017;28,86;9,27
18/09/2017;28,98;9,25
19/09/2017;29,09;9,27
20/09/2017;29,98;9,57
21/09/2017;30,41;9,67
22/09/2017;30,64;9,80
25/09/2017;30,51;9,67
26/09/2017;30,17;9,52
27/09/2017;30,05;9,42
28/09/2017;29,94;9,41
29/09/2017;30,04;9,49
02/10/2017;30,39;9,63
03/10/2017;29,71;9,44
04/10/2017;29,59;9,45
05/10/2017;29,66;9,40
06/10/2017;30,39;9,63
09/10/2017;30,83;9,68
10/10/2017;31,17;9,81
11/10/2017;31,29;9,88
13/10/2017;31,27;9,92
16/10/2017;31,71;10,01
17/10/2017;31,81;10,04
18/10/2017;31,75;10,03
19/10/2017;31,44;9,90
20/10/2017;31,73;9,96
23/10/2017;32,04;9,94
24/10/2017;32,02;9,83
25/10/2017;32,16;9,92
26/10/2017;31,47;9,61
27/10/2017;31,76;9,79
30/10/2017;31,99;9,76
31/10/2017;32,23;9,84
01/11/2017;32,89;10,07
03/11/2017;32,87;9,96
06/11/2017;32,11;9,85
07/11/2017;32,70;9,97
08/11/2017;32,70;10,03
09/11/2017;32,52;9,99
10/11/2017;32,68;9,97
13/11/2017;32,32;9,81
14/11/2017;32,26;9,76
16/11/2017;32,24;9,84
17/11/2017;32,05;9,83
20/11/2017;31,76;9,74
21/11/2017;31,38;9,66
22/11/2017;30,98;9,58
23/11/2017;30,71;9,53
24/11/2017;30,86;9,56
27/11/2017;30,56;9,50
28/11/2017;30,32;9,44
29/11/2017;30,50;9,40
30/11/2017;30,59;9,34
01/12/2017;30,93;9,49
04/12/2017;31,21;9,62
05/12/2017;31,31;9,69
06/12/2017;31,75;9,80
07/12/2017;31,64;9,62
08/12/2017;31,58;9,57
11/12/2017;31,66;9,60
12/12/2017;31,84;9,57
13/12/2017;32,34;9,77
14/12/2017;32,04;9,59
15/12/2017;32,36;9,79
18/12/2017;32,56;9,88
19/12/2017;33,08;10,02
20/12/2017;33,29;10,12
21/12/2017;33,32;10,07
22/12/2017;33,26;9,99
26/12/2017;33,53;10,11
27/12/2017;33,71;10,18
28/12/2017;33,77;10,21
02/01/2018;33,77;10,36
03/01/2018;33,67;10,38
04/01/2018;33,61;10,42
05/01/2018;33,31;10,31
08/01/2018;33,12;10,24
09/01/2018;32,64;10,05
10/01/2018;32,71;10,13
11/01/2018;32,42;10,06
12/01/2018;32,82;10,23
15/01/2018;32,41;10,10
16/01/2018;31,85;9,86
17/01/2018;32,19;10,01
18/01/2018;32,28;10,05
19/01/2018;32,33;10,11
22/01/2018;32,62;10,17
23/01/2018;32,57;10,04
24/01/2018;32,19;10,13
25/01/2018;32,35;10,31
26/01/2018;32,57;10,35
29/01/2018;32,58;10,29
30/01/2018;32,66;10,28
31/01/2018;32,77;10,28
01/02/2018;32,84;10,36
02/02/2018;33,20;10,34
05/02/2018;33,10;10,20
06/02/2018;33,42;10,31
07/02/2018;33,41;10,19
08/02/2018;33,35;10,16
09/02/2018;33,34;10,08
14/02/2018;33,53;10,38
15/02/2018;33,87;10,46
16/02/2018;34,02;10,57
19/02/2018;34,22;10,58
20/02/2018;34,64;10,65
21/02/2018;35,20;10,83
22/02/2018;36,11;11,12
23/02/2018;36,76;11,34
26/02/2018;37,05;11,45
27/02/2018;38,44;11,84
28/02/2018;39,20;12,11
01/03/2018;39,74;12,21
02/03/2018;40,06;12,32
05/03/2018;41,39;12,75
06/03/2018;41,02;12,79
07/03/2018;40,98;12,63
08/03/2018;41,32;12,66
09/03/2018;41,42;12,74
12/03/2018;42,28;12,99
13/03/2018;42,92;13,15
14/03/2018;42,93;13,15
15/03/2018;42,28;12,85
16/03/2018;41,45;12,66
19/03/2018;41,50;12,62
20/03/2018;41,62;12,58
21/03/2018;41,72;12,76
22/03/2018;41,60;12,60
23/03/2018;41,02;12,38
26/03/2018;41,27;12,49
27/03/2018;41,06;12,33
28/03/2018;40,75;12,24
29/03/2018;40,35;12,22
02/04/2018;39,87;12,02
03/04/2018;40,07;12,01
04/04/2018;40,83;12,23
05/04/2018;41,16;12,31
06/04/2018;41,36;12,27
09/04/2018;41,41;12,18
10/04/2018;41,02;12,04
11/04/2018;40,82;12,08
12/04/2018;40,47;11,90
13/04/2018;39,92;11,66
16/04/2018;40,13;11,73
17/04/2018;40,04;11,76
18/04/2018;39,78;11,78
19/04/2018;39,37;11,62
20/04/2018;38,82;11,38
23/04/2018;38,40;11,14
24/04/2018;38,84;11,20
25/04/2018;38,91;11,16
26/04/2018;38,81;11,16
27/04/2018;38,98;11,26
30/04/2018;39,40;11,24
02/05/2018;39,81;11,22
03/05/2018;40,03;11,35
04/05/2018;40,43;11,48
07/05/2018;41,51;11,68
08/05/2018;41,59;11,65
09/05/2018;42,13;11,69
10/05/2018;42,00;11,85
11/05/2018;42,43;11,78
14/05/2018;42,14;11,62
15/05/2018;42,25;11,54
16/05/2018;42,48;11,55
17/05/2018;42,57;11,49
18/05/2018;42,61;11,38
21/05/2018;43,35;11,76
22/05/2018;43,63;11,99
23/05/2018;44,15;12,17
24/05/2018;44,43;12,19
25/05/2018;44,23;12,04
28/05/2018;44,13;11,81
29/05/2018;45,01;12,02
30/05/2018;45,49;12,16
01/06/2018;45,89;12,19
04/06/2018;44,75;11,97
05/06/2018;43,78;11,49
06/06/2018;43,68;11,44
07/06/2018;43,58;11,12
08/06/2018;43,27;11,64
11/06/2018;42,87;11,53
12/06/2018;41,72;11,23
13/06/2018;40,70;10,95
14/06/2018;40,24;10,60
15/06/2018;40,04;10,76
18/06/2018;40,00;10,67
19/06/2018;39,62;10,58
20/06/2018;38,76;10,26
21/06/2018;38,66;10,26
22/06/2018;37,89;10,03
25/06/2018;37,76;9,98
26/06/2018;37,35;9,84
27/06/2018;37,17;9,65
28/06/2018;36,94;9,57
29/06/2018;36,97;9,54
02/07/2018;36,78;9,41
03/07/2018;36,21;9,30
04/07/2018;35,27;9,02
05/07/2018;36,43;9,26
06/07/2018;36,22;9,27
09/07/2018;35,98;9,30
10/07/2018;36,87;9,71
11/07/2018;36,63;9,44
12/07/2018;37,02;9,53
13/07/2018;36,70;9,53
16/07/2018;37,22;9,64
17/07/2018;37,10;9,66
18/07/2018;37,28;9,73
19/07/2018;37,36;9,66
20/07/2018;37,72;9,98
23/07/2018;37,71;9,96
24/07/2018;37,64;10,05
25/07/2018;37,92;10,23
26/07/2018;38,06;10,17
27/07/2018;38,53;10,38
30/07/2018;38,76;10,40
31/07/2018;39,34;10,48
01/08/2018;39,45;10,51
02/08/2018;39,75;10,58
03/08/2018;39,78;10,74
06/08/2018;40,04;10,74
07/08/2018;41,36;10,99
08/08/2018;41,88;11,11
09/08/2018;41,93;11,03
10/08/2018;42,14;10,92
13/08/2018;41,71;10,69
14/08/2018;41,28;10,68
15/08/2018;41,39;10,61
16/08/2018;41,59;10,66
17/08/2018;41,30;10,54
20/08/2018;41,27;10,43
21/08/2018;41,12;10,22
22/08/2018;41,53;10,23
23/08/2018;41,69;10,13
24/08/2018;41,66;10,15
27/08/2018;41,49;10,16
28/08/2018;41,08;9,91
29/08/2018;41,19;10,00
30/08/2018;41,19;9,90
31/08/2018;41,10;10,10
03/09/2018;40,90;9,86
04/09/2018;40,84;9,83
05/09/2018;40,85;9,89
06/09/2018;40,64;9,88
10/09/2018;41,06;10,03
11/09/2018;40,78;9,80
12/09/2018;40,51;9,77
13/09/2018;40,57;9,66
14/09/2018;40,75;9,78
17/09/2018;40,87;9,92
18/09/2018;40,42;9,78
19/09/2018;40,30;9,77
20/09/2018;39,91;9,79
21/09/2018;39,60;9,80
24/09/2018;39,83;9,76
25/09/2018;39,54;9,68
26/09/2018;39,53;9,82
27/09/2018;39,52;9,91
28/09/2018;39,40;9,75
01/10/2018;39,32;9,78
02/10/2018;39,05;9,94
03/10/2018;38,55;9,89
04/10/2018;38,35;9,86
05/10/2018;38,78;10,03
08/10/2018;38,12;10,14
09/10/2018;37,56;10,12
10/10/2018;36,97;9,84
11/10/2018;37,11;9,84
15/10/2018;36,87;9,87
16/10/2018;36,56;9,83
17/10/2018;35,98;9,77
18/10/2018;35,64;9,61
19/10/2018;35,21;9,49
22/10/2018;35,10;9,51
23/10/2018;34,88;9,43
24/10/2018;34,78;9,31
25/10/2018;34,95;9,45
26/10/2018;34,55;9,47
29/10/2018;34,48;9,30
30/10/2018;34,55;9,35
31/10/2018;34,17;9,21
01/11/2018;34,26;9,29
05/11/2018;34,78;9,35
06/11/2018;34,93;9,30
07/11/2018;35,72;9,55
08/11/2018;35,69;9,54
09/11/2018;35,98;9,63
12/11/2018;36,35;9,69
13/11/2018;36,59;9,58
14/11/2018;36,83;9,72
16/11/2018;36,81;9,85
19/11/2018;36,92;9,81
20/11/2018;36,94;9,83
21/11/2018;37,34;9,87
22/11/2018;37,37;9,82
23/11/2018;37,30;9,77
26/11/2018;37,70;9,66
27/11/2018;37,33;9,60
28/11/2018;37,61;9,79
29/11/2018;37,01;9,61
30/11/2018;37,81;9,80
03/12/2018;37,54;9,80
04/12/2018;36,63;9,49
05/12/2018;37,46;9,68
06/12/2018;37,80;9,72
07/12/2018;37,49;9,66
10/12/2018;37,48;9,55
11/12/2018;36,64;9,36
12/12/2018;37,14;9,65
13/12/2018;37,29;9,62
14/12/2018;37,66;9,65
17/12/2018;38,06;9,77
18/12/2018;37,39;9,59
19/12/2018;37,99;9,81
20/12/2018;38,86;10,09
21/12/2018;38,61;9,92
26/12/2018;38,82;9,90
27/12/2018;39,08;10,03
28/12/2018;38,93;10,05
02/01/2019;39,26;10,29
03/01/2019;39,41;10,49
04/01/2019;39,32;10,59
07/01/2019;39,17;10,50
08/01/2019;38,83;10,47
09/01/2019;38,83;10,54
10/01/2019;38,90;10,46
11/01/2019;38,78;10,44
14/01/2019;38,70;10,47
15/01/2019;38,26;10,26
16/01/2019;38,23;10,25
17/01/2019;37,85;10,12
18/01/2019;38,31;10,20
21/01/2019;38,89;10,34
22/01/2019;38,75;10,21
23/01/2019;38,57;10,24
24/01/2019;38,86;10,31
25/01/2019;38,88;10,33
28/01/2019;39,64;10,53
29/01/2019;39,65;10,65
30/01/2019;39,54;10,62
31/01/2019;39,33;10,77
01/02/2019;39,61;10,82
04/02/2019;39,67;10,81
05/02/2019;39,55;10,80
06/02/2019;39,93;10,79
07/02/2019;39,56;10,68
08/02/2019;39,99;10,71
11/02/2019;40,18;10,69
12/02/2019;40,75;10,99
13/02/2019;40,84;10,88
14/02/2019;40,82;10,90
15/02/2019;41,10;11,10
18/02/2019;41,05;10,99
19/02/2019;41,64;11,23
20/02/2019;41,43;11,12
21/02/2019;41,53;11,07
22/02/2019;41,65;11,15
25/02/2019;42,33;11,32
26/02/2019;42,06;11,22
27/02/2019;41,85;11,22
28/02/2019;42,33;11,29
01/03/2019;41,60;11,02
06/03/2019;41,84;10,90
07/03/2019;42,11;10,81
08/03/2019;42,13;10,89
11/03/2019;42,02;10,94
12/03/2019;41,15;10,80
13/03/2019;40,34;10,60
14/03/2019;40,04;10,41
15/03/2019;39,61;10,37
18/03/2019;39,56;10,44
19/03/2019;38,78;10,25
20/03/2019;38,15;10,17
21/03/2019;38,10;10,04
22/03/2019;38,41;9,84
25/03/2019;38,84;10,06
26/03/2019;38,50;9,96
27/03/2019;38,42;9,73
28/03/2019;38,61;9,87
29/03/2019;38,43;9,82
01/04/2019;37,79;9,76
02/04/2019;38,25;9,92
03/04/2019;38,60;9,97
04/04/2019;38,32;9,95
05/04/2019;38,08;9,85
08/04/2019;37,39;9,72
09/04/2019;37,10;9,62
10/04/2019;37,01;9,69
11/04/2019;37,18;9,64
12/04/2019;36,69;9,44
15/04/2019;36,71;9,49
16/04/2019;36,75;9,43
17/04/2019;36,19;9,20
18/04/2019;35,84;9,12
22/04/2019;35,92;9,14
23/04/2019;35,68;9,10
24/04/2019;34,93;8,76
25/04/2019;34,72;8,78
26/04/2019;34,29;8,72
29/04/2019;33,80;8,58
30/04/2019;33,63;8,58
02/05/2019;33,78;8,53
03/05/2019;33,21;8,44
06/05/2019;32,88;8,31
07/05/2019;32,82;8,27
08/05/2019;32,90;8,37
09/05/2019;33,02;8,36
10/05/2019;32,93;8,35
13/05/2019;33,17;8,33
14/05/2019;33,31;8,38
15/05/2019;33,64;8,43
16/05/2019;34,25;8,48
17/05/2019;34,69;8,46
20/05/2019;35,27;8,60
21/05/2019;35,61;8,79
22/05/2019;35,69;8,83
23/05/2019;35,66;8,82
24/05/2019;35,71;8,90
27/05/2019;35,82;8,88
28/05/2019;37,33;9,29
29/05/2019;37,80;9,51
30/05/2019;38,37;9,65
31/05/2019;38,56;9,82
03/06/2019;37,77;9,69
04/06/2019;38,10;9,88
05/06/2019;37,79;9,69
06/06/2019;37,38;9,64
07/06/2019;37,19;9,61
10/06/2019;36,71;9,47
11/06/2019;36,19;9,41
12/06/2019;37,09;9,61
13/06/2019;37,29;9,67
14/06/2019;38,30;9,84
17/06/2019;38,58;9,89
18/06/2019;39,08;10,12
19/06/2019;38,71;10,05
21/06/2019;38,58;10,10
24/06/2019;38,55;10,08
25/06/2019;38,87;10,09
26/06/2019;38,90;10,11
27/06/2019;38,76;10,12
28/06/2019;38,85;10,13
01/07/2019;38,28;9,96
02/07/2019;37,95;9,85
03/07/2019;37,75;9,88
04/07/2019;37,83;9,97
05/07/2019;37,29;9,77
08/07/2019;37,43;9,83
09/07/2019;37,64;9,94
10/07/2019;37,41;9,97
11/07/2019;36,94;9,85
12/07/2019;37,21;9,95
15/07/2019;37,20;9,90
16/07/2019;37,59;9,99
17/07/2019;37,32;9,93
18/07/2019;36,98;9,92
19/07/2019;36,88;9,84
22/07/2019;36,74;9,83
23/07/2019;36,47;9,67
24/07/2019;36,63;9,71
25/07/2019;36,38;9,62
26/07/2019;36,36;9,65
29/07/2019;36,51;9,66
30/07/2019;36,32;9,57
31/07/2019;36,09;9,50
01/08/2019;35,95;9,36
02/08/2019;35,85;9,23
05/08/2019;35,85;9,05
06/08/2019;36,19;9,15
07/08/2019;36,27;9,12
08/08/2019;36,54;9,31
09/08/2019;36,61;9,29
12/08/2019;36,56;9,19
13/08/2019;36,50;9,21
14/08/2019;35,95;8,90
15/08/2019;36,22;9,07
16/08/2019;36,14;9,03
19/08/2019;36,28;8,92
20/08/2019;36,40;9,01
21/08/2019;36,51;9,07
22/08/2019;36,54;8,97
23/08/2019;36,60;8,89
26/08/2019;36,77;8,86
27/08/2019;36,62;8,83
28/08/2019;36,83;8,86
29/08/2019;37,18;8,93
30/08/2019;36,72;8,89
02/09/2019;37,23;8,90
03/09/2019;36,95;8,84
04/09/2019;36,63;8,93
05/09/2019;36,65;8,94
06/09/2019;36,84;9,04
09/09/2019;36,73;8,96
10/09/2019;37,11;9,05
11/09/2019;37,27;9,17
12/09/2019;37,45;9,23
13/09/2019;37,58;9,19
16/09/2019;37,61;9,20
17/09/2019;37,70;9,24
18/09/2019;37,72;9,18
19/09/2019;37,89;9,12
20/09/2019;37,88;9,12
23/09/2019;38,07;9,13
24/09/2019;38,01;9,11
25/09/2019;38,79;9,34
26/09/2019;38,85;9,34
27/09/2019;38,88;9,36
30/09/2019;38,70;9,32
01/10/2019;39,08;9,39
02/10/2019;39,58;9,57
03/10/2019;39,73;9,73
04/10/2019;39,97;9,84
07/10/2019;39,84;9,71
08/10/2019;39,82;9,74
09/10/2019;40,53;9,90
10/10/2019;40,33;9,78
11/10/2019;40,41;9,89
14/10/2019;40,58;9,83
15/10/2019;41,44;9,97
16/10/2019;41,83;10,06
17/10/2019;42,15;10,13
18/10/2019;43,04;10,46
21/10/2019;43,47;10,51
22/10/2019;43,52;10,68
23/10/2019;43,58;10,81
24/10/2019;43,01;10,66
25/10/2019;42,81;10,68
28/10/2019;42,74;10,71
29/10/2019;42,55;10,65
30/10/2019;42,71;10,71
31/10/2019;41,97;10,46
01/11/2019;41,55;10,39
04/11/2019;41,71;10,41
05/11/2019;41,58;10,42
06/11/2019;42,17;10,32
07/11/2019;42,48;10,39
08/11/2019;42,94;10,33
11/11/2019;43,57;10,53
12/11/2019;43,71;10,48
13/11/2019;44,27;10,57
14/11/2019;44,09;10,52
18/11/2019;43,75;10,42
19/11/2019;44,05;10,50
20/11/2019;44,11;10,49
21/11/2019;45,68;10,89
22/11/2019;46,42;11,08
25/11/2019;47,54;11,29
26/11/2019;47,37;11,16
27/11/2019;47,94;11,26
28/11/2019;48,03;11,40
29/11/2019;47,88;11,31
02/12/2019;47,71;11,31
03/12/2019;48,37;11,50
04/12/2019;48,45;11,52
05/12/2019;48,10;11,49
06/12/2019;48,13;11,62
09/12/2019;48,15;11,65
10/12/2019;47,97;11,57
11/12/2019;48,15;11,65
12/12/2019;47,99;11,75
13/12/2019;48,37;11,78
16/12/2019;47,94;11,80
17/12/2019;47,74;11,75
18/12/2019;48,14;11,84
19/12/2019;48,05;11,83
20/12/2019;48,06;11,73
23/12/2019;48,25;11,84
26/12/2019;48,39;11,91
27/12/2019;48,45;11,97
30/12/2019;48,62;12,11
02/01/2020;48,43;12,04
03/01/2020;48,91;12,07
06/01/2020;48,99;12,03
07/01/2020;49,31;12,15
08/01/2020;50,26;12,41
09/01/2020;51,50;12,60
10/01/2020;51,56;12,64
13/01/2020;51,48;12,44
14/01/2020;51,70;12,52
15/01/2020;52,20;12,50
16/01/2020;51,99;12,40
17/01/2020;51,77;12,44
20/01/2020;51,57;12,31
21/01/2020;51,66;12,30
22/01/2020;51,74;12,39
23/01/2020;51,49;12,36
24/01/2020;51,42;12,28
27/01/2020;51,77;12,31
28/01/2020;51,91;12,38
29/01/2020;51,54;12,21
30/01/2020;51,28;12,03
31/01/2020;51,16;11,94
03/02/2020;50,86;11,97
04/02/2020;50,07;11,76
05/02/2020;50,17;11,82
06/02/2020;50,13;11,72
07/02/2020;50,71;11,74
10/02/2020;50,88;11,76
11/02/2020;51,11;11,81
12/02/2020;51,63;11,88
13/02/2020;51,80;11,92
14/02/2020;52,13;12,12
17/02/2020;52,27;12,08
18/02/2020;52,25;11,99
19/02/2020;52,42;12,00
20/02/2020;52,27;11,92
21/02/2020;52,32;11,92
26/02/2020;52,87;11,91
27/02/2020;53,30;11,92
28/02/2020;53,25;11,85
02/03/2020;53,55;11,94
03/03/2020;53,81;11,93
04/03/2020;54,18;11,83
05/03/2020;54,69;11,77
06/03/2020;55,30;11,95
09/03/2020;55,55;11,71
10/03/2020;55,83;12,02
11/03/2020;56,77;11,99
12/03/2020;57,59;11,95
13/03/2020;57,58;11,87
16/03/2020;58,16;11,56
17/03/2020;58,41;11,68
18/03/2020;57,75;11,05
19/03/2020;58,27;11,43
20/03/2020;59,04;11,69
23/03/2020;58,62;11,41
24/03/2020;59,55;11,69
25/03/2020;59,49;11,87
26/03/2020;59,21;11,83
27/03/2020;59,50;11,76
30/03/2020;60,08;11,61
31/03/2020;60,14;11,57
01/04/2020;59,33;11,28
02/04/2020;58,87;11,18
03/04/2020;58,49;11,00
06/04/2020;57,83;10,91
07/04/2020;57,47;11,02
08/04/2020;56,46;10,96
09/04/2020;56,41;11,06
13/04/2020;56,19;10,85
14/04/2020;53,79;10,37
15/04/2020;52,20;9,97
16/04/2020;52,02;9,89
17/04/2020;51,55;9,83
20/04/2020;50,74;9,56
22/04/2020;48,65;9,00
23/04/2020;48,18;8,75
24/04/2020;47,60;8,39
27/04/2020;47,96;8,40
28/04/2020;47,94;8,72
29/04/2020;48,38;9,03
30/04/2020;48,35;8,88
04/05/2020;48,83;8,82
05/05/2020;48,78;8,71
06/05/2020;49,25;8,64
07/05/2020;49,91;8,52
08/05/2020;49,76;8,66
11/05/2020;50,01;8,57
12/05/2020;50,11;8,55
13/05/2020;50,91;8,61
14/05/2020;50,61;8,67
15/05/2020;50,57;8,67
18/05/2020;50,23;8,79
19/05/2020;50,06;8,73
20/05/2020;50,08;8,82
21/05/2020;50,51;9,06
22/05/2020;50,49;9,05
25/05/2020;51,14;9,38
26/05/2020;50,29;9,42
27/05/2020;50,54;9,55
28/05/2020;50,06;9,33
29/05/2020;50,19;9,40
01/06/2020;49,74;9,25
02/06/2020;49,60;9,50
03/06/2020;48,94;9,66
04/06/2020;48,66;9,51
05/06/2020;48,20;9,70
08/06/2020;47,53;9,76
09/06/2020;47,34;9,71
10/06/2020;46,81;9,52
12/06/2020;46,92;9,27
15/06/2020;46,96;9,12
16/06/2020;46,87;8,97
17/06/2020;46,85;8,90
18/06/2020;47,13;8,75
19/06/2020;47,15;8,89
22/06/2020;47,56;9,03
23/06/2020;46,97;9,13
24/06/2020;47,18;8,88
25/06/2020;47,49;8,92
26/06/2020;48,15;8,81
29/06/2020;48,28;8,88
30/06/2020;48,53;8,92
01/07/2020;49,51;9,32
02/07/2020;49,79;9,30
03/07/2020;49,65;9,34
06/07/2020;49,93;9,35
07/07/2020;49,94;9,28
08/07/2020;50,37;9,42
09/07/2020;50,31;9,43
10/07/2020;50,23;9,44
13/07/2020;49,78;9,27
14/07/2020;49,83;9,33
15/07/2020;49,40;9,18
16/07/2020;49,01;9,20
17/07/2020;49,43;9,18
20/07/2020;49,50;9,28
21/07/2020;49,62;9,55
22/07/2020;48,54;9,48
23/07/2020;48,83;9,38
24/07/2020;49,25;9,46
27/07/2020;49,73;9,62
28/07/2020;49,40;9,59
29/07/2020;49,79;9,63
30/07/2020;50,47;9,79
31/07/2020;50,79;9,74
03/08/2020;51,29;9,62
04/08/2020;51,97;9,81
05/08/2020;52,14;9,84
06/08/2020;52,59;9,82
07/08/2020;52,72;9,73
10/08/2020;53,59;9,82
11/08/2020;54,28;10,04
12/08/2020;54,78;10,04
13/08/2020;55,16;10,27
14/08/2020;55,51;10,22
17/08/2020;55,99;10,17
18/08/2020;57,63;10,54
19/08/2020;58,64;10,62
20/08/2020;59,01;10,62
21/08/2020;59,60;10,63
24/08/2020;59,93;10,70
25/08/2020;60,41;10,94
26/08/2020;60,70;10,84
27/08/2020;60,87;10,93
28/08/2020;60,97;11,27
31/08/2020;61,25;11,18
01/09/2020;60,92;11,31
02/09/2020;60,36;11,27
03/09/2020;59,11;11,17
04/09/2020;59,06;11,13
08/09/2020;58,64;10,94
09/09/2020;58,15;10,99
10/09/2020;58,38;10,98
11/09/2020;58,99;11,06
14/09/2020;59,70;11,31
15/09/2020;58,97;11,16
16/09/2020;58,88;11,24
17/09/2020;58,48;11,16
18/09/2020;58,48;10,90
21/09/2020;59,19;10,95
22/09/2020;59,91;10,96
23/09/2020;60,95;10,93
24/09/2020;61,28;11,11
25/09/2020;62,45;11,26
28/09/2020;62,42;11,08
29/09/2020;63,28;11,23
30/09/2020;63,63;11,33
01/10/2020;64,22;11,36
02/10/2020;64,75;11,45
05/10/2020;65,36;11,75
06/10/2020;65,48;11,69
07/10/2020;67,26;11,97
08/10/2020;67,55;12,09
09/10/2020;68,12;12,31
13/10/2020;69,09;12,40
14/10/2020;69,53;12,41
15/10/2020;70,30;12,53
16/10/2020;70,72;12,53
19/10/2020;71,49;12,76
20/10/2020;73,33;13,10
21/10/2020;75,39;13,45
22/10/2020;77,33;13,81
23/10/2020;78,82;14,01
26/10/2020;79,67;14,16
27/10/2020;81,48;14,36
28/10/2020;82,67;14,40
29/10/2020;82,55;14,35
30/10/2020;81,89;14,25
03/11/2020;80,77;14,05
04/11/2020;81,41;14,38
05/11/2020;81,27;14,65
06/11/2020;81,32;15,09
09/11/2020;80,91;14,94
10/11/2020;80,19;14,91
11/11/2020;80,58;14,88
12/11/2020;80,55;14,74
13/11/2020;80,74;14,74
16/11/2020;80,54;14,83
17/11/2020;80,92;15,16
18/11/2020;80,44;15,05
19/11/2020;80,02;15,06
20/11/2020;80,21;14,93
23/11/2020;80,06;14,72
24/11/2020;79,67;14,80
25/11/2020;79,77;15,00
26/11/2020;79,31;14,88
27/11/2020;79,27;14,88
30/11/2020;78,31;14,63
01/12/2020;77,17;14,74
02/12/2020;76,44;14,57
03/12/2020;75,47;14,69
04/12/2020;74,69;14,56
07/12/2020;73,84;14,53
08/12/2020;73,42;14,31
09/12/2020;73,61;14,20
10/12/2020;73,46;14,58
11/12/2020;73,10;14,47
14/12/2020;73,31;14,35
15/12/2020;73,84;14,51
16/12/2020;74,85;14,60
17/12/2020;74,11;14,60
18/12/2020;74,22;14,59
21/12/2020;75,10;14,66
22/12/2020;77,34;14,97
23/12/2020;77,60;14,93
28/12/2020;78,02;14,89
29/12/2020;78,45;15,13
30/12/2020;78,65;15,17
04/01/2021;81,79;15,55
05/01/2021;81,62;15,51
06/01/2021;82,31;15,58
07/01/2021;82,65;15,34
08/01/2021;82,60;15,25
11/01/2021;82,64;15,05
12/01/2021;83,32;15,62
13/01/2021;83,87;15,82
14/01/2021;84,28;16,20
15/01/2021;84,52;15,99
18/01/2021;84,96;16,05
19/01/2021;85,22;15,93
20/01/2021;85,44;16,06
21/01/2021;85,03;15,88
22/01/2021;84,43;15,43
25/01/2021;83,87;15,23
26/01/2021;83,97;15,76
27/01/2021;83,83;15,53
28/01/2021;83,25;15,31
29/01/2021;83,34;15,20
01/02/2021;83,95;15,40
02/02/2021;83,03;15,50
03/02/2021;83,09;15,50
04/02/2021;83,02;15,22
05/02/2021;82,78;15,37
08/02/2021;82,69;15,39
09/02/2021;83,39;15,49
10/02/2021;83,16;15,46
11/02/2021;83,19;15,43
12/02/2021;83,40;15,51
17/02/2021;83,80;15,46
18/02/2021;84,06;15,45
19/02/2021;84,35;15,60
22/02/2021;84,89;15,60
23/02/2021;85,08;15,61
24/02/2021;85,19;15,68
25/02/2021;85,59;15,55
26/02/2021;85,41;15,30
01/03/2021;85,59;15,29
02/03/2021;86,11;15,20
03/03/2021;87,06;15,14
04/03/2021;88,59;15,64
05/03/2021;89,07;15,64
08/03/2021;89,63;15,54
09/03/2021;89,88;15,53
10/03/2021;91,59;16,19
11/03/2021;91,72;16,57
12/03/2021;91,73;16,49
15/03/2021;92,17;16,33
16/03/2021;93,21;16,61
17/03/2021;93,44;16,74
18/03/2021;93,30;16,78
19/03/2021;93,85;17,10
22/03/2021;93,27;16,92
23/03/2021;92,56;16,79
24/03/2021;93,03;16,57
25/03/2021;93,31;16,47
26/03/2021;93,40;16,25
29/03/2021;94,40;16,37
30/03/2021;94,22;16,39
31/03/2021;93,71;16,66
01/04/2021;93,90;16,46
05/04/2021;94,04;16,58
06/04/2021;94,70;16,92
07/04/2021;95,32;16,87
08/04/2021;95,49;17,13
09/04/2021;95,37;16,80
12/04/2021;95,93;16,76
13/04/2021;96,57;16,94
14/04/2021;96,92;17,08
15/04/2021;97,64;17,36
16/04/2021;97,88;17,52
19/04/2021;97,91;17,60
20/04/2021;97,78;17,60
22/04/2021;97,98;17,94
23/04/2021;98,70;17,96
26/04/2021;99,28;18,19
27/04/2021;98,88;18,09
28/04/2021;99,25;18,50
29/04/2021;99,78;18,64
30/04/2021;99,76;18,36
03/05/2021;99,84;18,41
04/05/2021;99,79;18,37
05/05/2021;100,24;18,68
06/05/2021;100,90;19,11
07/05/2021;101,56;19,45
10/05/2021;101,23;19,35
11/05/2021;101,40;19,41
12/05/2021;102,39;19,33
13/05/2021;101,79;19,21
14/05/2021;101,34;19,23
17/05/2021;101,08;19,20
18/05/2021;103,23;19,68
19/05/2021;102,72;19,33
20/05/2021;102,06;19,35
21/05/2021;101,93;19,06
24/05/2021;101,12;19,00
25/05/2021;98,66;18,49
26/05/2021;96,83;18,24
27/05/2021;97,69;18,60
28/05/2021;99,24;19,02
31/05/2021;100,07;19,15
01/06/2021;99,23;19,24
02/06/2021;98,67;19,38
04/06/2021;98,63;19,59
07/06/2021;97,04;19,27
08/06/2021;96,57;19,17
09/06/2021;95,72;18,88
10/06/2021;95,21;18,80
11/06/2021;94,88;18,53
14/06/2021;94,29;18,59
15/06/2021;93,27;18,50
16/06/2021;91,60;18,16
17/06/2021;89,56;17,83
18/06/2021;89,87;17,73
21/06/2021;88,52;17,63
22/06/2021;87,72;17,67
23/06/2021;87,27;17,58
24/06/2021;86,25;17,58
25/06/2021;86,27;17,42
28/06/2021;86,63;17,59
29/06/2021;87,14;17,65
30/06/2021;89,57;18,01
01/07/2021;91,25;18,08
02/07/2021;92,10;18,24
05/07/2021;93,60;18,41
06/07/2021;94,44;18,16
07/07/2021;95,17;18,18
08/07/2021;95,93;18,26
09/07/2021;96,21;18,36
12/07/2021;96,24;18,62
13/07/2021;96,43;18,65
14/07/2021;97,19;19,16
15/07/2021;98,01;19,12
16/07/2021;97,34;19,01
19/07/2021;97,48;18,55
20/07/2021;97,49;18,68
21/07/2021;98,54;19,01
22/07/2021;99,19;19,04
23/07/2021;99,99;19,17
26/07/2021;100,63;19,45
27/07/2021;101,60;19,62
28/07/2021;102,44;20,03
29/07/2021;101,93;20,08
30/07/2021;101,40;19,51
02/08/2021;101,47;19,65
03/08/2021;100,96;19,48
04/08/2021;100,21;19,31
05/08/2021;100,31;19,28
06/08/2021;99,10;18,91
09/08/2021;99,45;18,99
10/08/2021;98,16;18,88
11/08/2021;98,35;18,81
12/08/2021;98,97;18,84
13/08/2021;99,87;19,05
16/08/2021;99,89;18,90
17/08/2021;99,40;18,87
18/08/2021;99,32;18,53
19/08/2021;99,02;18,28
20/08/2021;98,79;18,37
23/08/2021;98,21;18,28
24/08/2021;97,59;18,56
25/08/2021;97,49;18,71
26/08/2021;97,06;18,49
27/08/2021;95,84;18,45
30/08/2021;95,82;18,47
31/08/2021;94,76;18,31
01/09/2021;93,72;18,11
02/09/2021;93,00;17,94
03/09/2021;92,26;17,80
06/09/2021;92,50;17,87
08/09/2021;92,32;17,38
09/09/2021;92,15;17,36
10/09/2021;93,53;17,76
13/09/2021;93,71;17,91
14/09/2021;93,60;17,79
15/09/2021;93,43;17,82
16/09/2021;93,71;17,76
17/09/2021;93,67;17,73
20/09/2021;92,81;17,34
21/09/2021;92,08;17,43
22/09/2021;91,59;17,28
23/09/2021;90,83;17,11
24/09/2021;90,47;16,92
27/09/2021;91,18;16,95
28/09/2021;91,42;16,84
29/09/2021;91,45;16,85
30/09/2021;91,83;16,89
01/10/2021;91,76;17,11
04/10/2021;92,03;16,88
05/10/2021;92,22;16,86
06/10/2021;91,98;16,76
07/10/2021;91,12;16,56
08/10/2021;91,03;16,52
11/10/2021;91,02;16,45
13/10/2021;90,39;16,40
14/10/2021;90,13;16,33
15/10/2021;90,18;16,52
18/10/2021;89,89;16,30
19/10/2021;90,21;16,15
20/10/2021;89,56;16,15
21/10/2021;88,99;15,74
22/10/2021;89,27;15,83
25/10/2021;89,18;16,08
26/10/2021;88,27;15,86
27/10/2021;87,50;15,71
28/10/2021;86,89;15,44
29/10/2021;86,84;15,38
01/11/2021;86,97;15,34
03/11/2021;87,16;15,58
04/11/2021;86,40;15,39
05/11/2021;86,61;15,72
08/11/2021;85,69;15,44
09/11/2021;84,93;15,49
10/11/2021;84,51;15,38
11/11/2021;83,59;15,49
12/11/2021;82,75;15,17
16/11/2021;82,74;15,07
17/11/2021;82,45;14,92
18/11/2021;82,34;14,79
19/11/2021;82,84;14,78
22/11/2021;82,81;14,81
23/11/2021;83,26;14,85
24/11/2021;83,59;14,94
25/11/2021;83,63;15,03
26/11/2021;83,72;14,95
29/11/2021;83,44;14,86
30/11/2021;84,46;14,96
01/12/2021;84,98;15,00
02/12/2021;86,22;15,26
03/12/2021;86,86;15,30
06/12/2021;86,12;15,15
07/12/2021;87,58;15,59
08/12/2021;87,55;15,81
09/12/2021;87,54;15,69
10/12/2021;88,06;15,69
13/12/2021;88,10;15,53
14/12/2021;87,75;15,42
15/12/2021;87,56;15,30
16/12/2021;87,39;15,40
17/12/2021;87,18;15,34
20/12/2021;87,57;15,26
21/12/2021;88,61;15,45
22/12/2021;88,69;15,64
23/12/2021;89,81;15,86
27/12/2021;89,99;15,97
28/12/2021;90,34;16,03
29/12/2021;90,37;15,87
30/12/2021;90,35;16,21
03/01/2022;92,01;16,25
04/01/2022;92,72;16,30
05/01/2022;92,81;16,30
06/01/2022;93,28;16,41
07/01/2022;93,52;16,60
10/01/2022;94,43;16,65
11/01/2022;95,13;17,05
12/01/2022;95,27;17,21
13/01/2022;96,50;17,48
14/01/2022;96,77;17,52
17/01/2022;97,16;17,59
18/01/2022;97,39;17,53
19/01/2022;97,70;17,88
20/01/2022;98,13;18,14
21/01/2022;98,33;18,02
24/01/2022;97,93;17,80
25/01/2022;97,76;17,97
26/01/2022;97,90;18,11
27/01/2022;97,37;17,94
28/01/2022;97,40;18,06
31/01/2022;97,42;18,37
01/02/2022;97,40;18,48
02/02/2022;97,14;18,38
03/02/2022;96,82;18,29
04/02/2022;97,13;18,24
07/02/2022;96,97;18,44
08/02/2022;97,14;18,49
09/02/2022;96,93;18,57
10/02/2022;97,08;18,58
11/02/2022;97,05;18,57
14/02/2022;95,98;18,40
15/02/2022;96,55;18,63
16/02/2022;96,53;18,82
17/02/2022;96,51;18,67
18/02/2022;96,49;18,78
21/02/2022;96,52;18,90
22/02/2022;96,80;19,11
23/02/2022;96,85;19,36
24/02/2022;96,89;18,93
25/02/2022;97,34;18,92
02/03/2022;97,20;19,02
03/03/2022;97,72;19,45
04/03/2022;98,15;19,32
07/03/2022;100,19;19,73
08/03/2022;101,36;20,05
09/03/2022;101,25;20,21
10/03/2022;101,42;20,21
11/03/2022;103,57;20,50
14/03/2022;103,90;20,26
15/03/2022;103,87;20,15
16/03/2022;103,74;20,32
17/03/2022;103,57;20,56
18/03/2022;102,59;20,46
21/03/2022;102,63;20,72
22/03/2022;101,29;20,59
23/03/2022;99,93;20,65
24/03/2022;99,20;20,55
25/03/2022;96,98;20,41
28/03/2022;96,16;20,16
29/03/2022;92,77;19,49
30/03/2022;92,70;19,38
31/03/2022;93,09;19,55
01/04/2022;92,04;19,71
04/04/2022;91,55;19,85
05/04/2022;90,19;19,37
06/04/2022;89,46;18,95
07/04/2022;89,06;18,77
08/04/2022;89,02;18,92
11/04/2022;88,90;18,98
12/04/2022;88,17;18,85
13/04/2022;87,56;18,69
14/04/2022;87,30;18,61
18/04/2022;87,63;18,81
19/04/2022;88,03;18,84
20/04/2022;87,87;19,00
22/04/2022;87,93;18,33
25/04/2022;88,71;18,20
26/04/2022;88,51;17,74
27/04/2022;88,21;17,77
28/04/2022;88,38;17,90
29/04/2022;88,25;17,83
02/05/2022;87,87;17,34
03/05/2022;87,60;17,64
04/05/2022;87,55;17,83
05/05/2022;87,41;17,38
06/05/2022;86,63;17,08
09/05/2022;86,15;16,71
10/05/2022;85,83;16,75
11/05/2022;86,08;16,75
12/05/2022;86,40;16,79
13/05/2022;86,54;17,12
16/05/2022;87,97;17,44
17/05/2022;89,09;18,03
18/05/2022;89,28;17,90
19/05/2022;89,23;18,16
20/05/2022;88,48;18,17
23/05/2022;88,03;18,29
24/05/2022;87,43;18,13
25/05/2022;87,33;18,15
26/05/2022;86,99;18,27
27/05/2022;86,90;18,34
30/05/2022;86,84;18,28
31/05/2022;86,25;18,15
01/06/2022;85,80;17,88
02/06/2022;85,52;17,84
03/06/2022;85,07;17,78
06/06/2022;84,80;17,66
07/06/2022;85,56;17,56
08/06/2022;85,86;17,59
09/06/2022;85,85;17,48
10/06/2022;85,42;17,15
13/06/2022;85,41;16,67
14/06/2022;86,42;16,81
15/06/2022;86,25;17,16
17/06/2022;86,32;16,79
20/06/2022;87,42;16,86
21/06/2022;87,15;16,92
22/06/2022;87,04;16,84
23/06/2022;85,92;16,43
24/06/2022;85,65;16,29
27/06/2022;84,75;16,21
28/06/2022;83,90;15,93
29/06/2022;84,85;16,33
30/06/2022;83,55;15,97
01/07/2022;83,16;15,63
04/07/2022;83,24;15,63
05/07/2022;82,60;15,32
06/07/2022;82,19;15,18
07/07/2022;81,68;15,28
08/07/2022;81,50;15,48
11/07/2022;82,36;15,34
12/07/2022;83,12;15,29
13/07/2022;82,73;15,30
14/07/2022;82,58;15,20
15/07/2022;82,46;15,25
18/07/2022;82,36;15,19
19/07/2022;81,67;15,07
20/07/2022;81,41;14,91
21/07/2022;80,85;14,72
22/07/2022;80,06;14,55
25/07/2022;80,20;14,92
26/07/2022;81,27;15,18
27/07/2022;81,40;15,51
28/07/2022;81,78;15,84
29/07/2022;82,93;16,02
01/08/2022;82,64;15,94
02/08/2022;82,58;15,64
03/08/2022;82,41;15,62
04/08/2022;82,24;15,76
05/08/2022;81,91;15,85
08/08/2022;82,05;16,04
09/08/2022;81,63;15,89
10/08/2022;82,76;16,25
11/08/2022;81,94;15,87
12/08/2022;81,55;16,09
15/08/2022;81,41;15,98
16/08/2022;82,11;15,95
17/08/2022;82,77;16,00
18/08/2022;82,10;15,87
19/08/2022;82,16;15,88
22/08/2022;81,90;15,87
23/08/2022;82,69;16,21
24/08/2022;82,77;16,20
25/08/2022;83,31;16,25
26/08/2022;83,60;16,48
29/08/2022;83,80;16,67
30/08/2022;83,73;16,39
31/08/2022;83,94;16,14
01/09/2022;83,66;15,98
02/09/2022;83,39;16,11
05/09/2022;83,26;16,16
06/09/2022;83,54;15,94
08/09/2022;83,25;15,98
09/09/2022;83,43;16,20
12/09/2022;83,95;16,49
13/09/2022;83,72;16,13
14/09/2022;84,28;16,27
15/09/2022;84,55;16,13
16/09/2022;84,35;16,04
19/09/2022;84,02;16,27
20/09/2022;84,21;16,32
21/09/2022;84,24;16,30
22/09/2022;84,56;16,54
23/09/2022;84,54;16,10
26/09/2022;84,58;15,69
27/09/2022;84,72;15,75
28/09/2022;84,25;15,76
29/09/2022;84,24;15,61
30/09/2022;84,42;15,70
03/10/2022;84,14;16,25
04/10/2022;83,27;16,09
05/10/2022;82,91;16,02
06/10/2022;83,04;15,96
07/10/2022;83,05;15,89
10/10/2022;83,50;16,11
11/10/2022;83,86;15,91
13/10/2022;84,42;15,99
14/10/2022;84,67;15,89
17/10/2022;84,86;16,03
18/10/2022;85,38;16,23
19/10/2022;85,41;16,20
20/10/2022;85,21;16,31
21/10/2022;85,28;16,57
24/10/2022;85,08;16,09
25/10/2022;84,91;15,98
26/10/2022;85,12;15,84
27/10/2022;85,35;16,11
28/10/2022;85,69;16,12
31/10/2022;85,35;16,50
01/11/2022;85,11;16,65
03/11/2022;84,76;16,58
04/11/2022;84,95;16,87
07/11/2022;85,19;16,52
08/11/2022;85,30;16,50
09/11/2022;84,76;16,37
10/11/2022;84,48;15,65
11/11/2022;83,74;15,68
14/11/2022;84,00;15,76
16/11/2022;83,69;15,54
17/11/2022;84,06;15,48
18/11/2022;84,77;15,80
21/11/2022;85,08;16,02
22/11/2022;85,19;15,83
23/11/2022;85,51;15,92
24/11/2022;85,87;16,16
25/11/2022;85,48;15,80
28/11/2022;85,96;16,02
29/11/2022;85,76;16,21
30/11/2022;86,20;16,55
01/12/2022;86,00;16,52
02/12/2022;86,03;16,47
05/12/2022;85,54;16,20
06/12/2022;86,10;16,34
07/12/2022;86,19;16,54
08/12/2022;85,90;16,48
09/12/2022;86,08;16,43
12/12/2022;86,15;16,18
13/12/2022;86,00;16,18
14/12/2022;85,79;16,12
15/12/2022;85,91;16,14
16/12/2022;86,44;16,32
19/12/2022;86,05;16,21
20/12/2022;85,98;16,51
21/12/2022;85,82;16,51
22/12/2022;85,58;16,53
23/12/2022;85,80;16,61
26/12/2022;85,79;16,47
27/12/2022;86,61;16,39
28/12/2022;86,42;16,45
29/12/2022;86,07;16,30
02/01/2023;86,09;16,06
03/01/2023;86,07;15,80
04/01/2023;86,35;15,83
05/01/2023;87,72;16,36
06/01/2023;87,50;16,69
09/01/2023;87,27;16,61
10/01/2023;87,33;16,79
11/01/2023;87,19;16,81
12/01/2023;86,86;17,05
13/01/2023;86,87;17,05
16/01/2023;86,39;16,77
17/01/2023;86,19;16,87
18/01/2023;85,90;16,65
19/01/2023;85,38;16,50
20/01/2023;85,33;16,40
23/01/2023;85,43;16,44
24/01/2023;85,17;16,55
25/01/2023;85,22;16,79
26/01/2023;84,88;16,73
27/01/2023;84,74;16,58
30/01/2023;84,95;16,62
31/01/2023;85,49;16,83
01/02/2023;85,76;16,85
02/02/2023;85,04;16,89
03/02/2023;84,98;16,54
06/02/2023;85,12;16,45
07/02/2023;84,87;16,32
08/02/2023;84,90;16,36
09/02/2023;85,96;16,31
10/02/2023;86,03;16,47
13/02/2023;85,86;16,57
14/02/2023;86,26;16,59
15/02/2023;86,06;16,50
16/02/2023;86,24;16,52
17/02/2023;85,73;16,61
22/02/2023;86,06;16,65
23/02/2023;86,22;16,80
24/02/2023;85,83;16,49
27/02/2023;86,40;16,63
28/02/2023;86,08;16,49
01/03/2023;86,11;16,57
02/03/2023;86,36;16,59
03/03/2023;86,22;16,59
06/03/2023;86,15;16,68
07/03/2023;85,84;16,54
08/03/2023;86,03;16,73
09/03/2023;85,47;16,65
10/03/2023;85,32;16,36
13/03/2023;85,61;16,25
14/03/2023;85,42;16,25
15/03/2023;85,49;16,15
16/03/2023;85,37;16,28
17/03/2023;85,24;16,16
20/03/2023;84,66;16,15
21/03/2023;84,46;16,11
22/03/2023;84,36;16,17
23/03/2023;83,91;15,86
24/03/2023;84,18;16,04
27/03/2023;84,00;16,12
28/03/2023;83,39;16,14
29/03/2023;83,17;16,18
30/03/2023;82,90;16,25
31/03/2023;82,60;16,29
03/04/2023;82,40;16,24
04/04/2023;81,12;15,95
05/04/2023;80,89;16,00
06/04/2023;80,24;15,86
10/04/2023;79,39;15,66
11/04/2023;78,34;15,65
12/04/2023;77,66;15,71
13/04/2023;76,88;15,60
14/04/2023;75,99;15,45
17/04/2023;75,29;15,26
18/04/2023;73,92;14,86
19/04/2023;72,76;14,33
20/04/2023;70,60;13,97
24/04/2023;70,11;13,91
25/04/2023;69,75;13,76
26/04/2023;68,68;13,59
27/04/2023;67,71;13,59
28/04/2023;65,61;13,15
02/05/2023;64,50;12,78
03/05/2023;64,15;12,85
04/05/2023;62,85;12,59
05/05/2023;62,32;12,60
08/05/2023;61,75;12,32
09/05/2023;60,46;12,12
10/05/2023;60,13;12,14
11/05/2023;58,69;11,87
12/05/2023;58,79;11,93
15/05/2023;58,83;12,02
16/05/2023;58,84;11,91
17/05/2023;57,43;11,63
18/05/2023;56,51;11,37
19/05/2023;56,04;11,21
22/05/2023;55,83;11,24
23/05/2023;55,16;11,09
24/05/2023;54,56;11,02
25/05/2023;55,00;10,92
26/05/2023;54,82;10,99
29/05/2023;54,83;10,94
30/05/2023;54,27;10,76
31/05/2023;53,77;10,59
01/06/2023;53,90;10,75
02/06/2023;53,72;10,84
05/06/2023;53,63;10,89
06/06/2023;54,07;11,01
07/06/2023;53,72;10,91
09/06/2023;53,73;11,02
12/06/2023;53,77;11,05
13/06/2023;54,07;11,12
14/06/2023;54,33;11,25
15/06/2023;54,35;11,31
16/06/2023;54,36;11,28
19/06/2023;54,47;11,41
20/06/2023;54,83;11,44
21/06/2023;55,52;11,64
22/06/2023;57,07;11,94
23/06/2023;57,36;12,00
26/06/2023;57,41;12,05
27/06/2023;57,67;12,02
28/06/2023;56,36;11,63
29/06/2023;56,12;11,56
30/06/2023;55,36;11,55
03/07/2023;55,53;11,56
04/07/2023;55,68;11,52
05/07/2023;56,12;11,58
06/07/2023;55,35;11,24
07/07/2023;55,88;11,50
10/07/2023;55,79;11,42
11/07/2023;55,24;11,37
12/07/2023;55,29;11,48
13/07/2023;54,06;11,29
14/07/2023;54,28;11,32
17/07/2023;54,52;11,32
18/07/2023;54,57;11,35
19/07/2023;55,04;11,50
20/07/2023;54,68;11,39
21/07/2023;53,74;11,25
24/07/2023;55,06;11,63
25/07/2023;55,28;11,63
26/07/2023;55,12;11,65
27/07/2023;54,71;11,53
28/07/2023;54,92;11,61
31/07/2023;53,62;11,33
01/08/2023;53,75;11,22
02/08/2023;53,22;11,08
03/08/2023;53,47;10,94
04/08/2023;53,19;10,92
07/08/2023;53,13;10,85
08/08/2023;52,96;10,81
09/08/2023;52,97;10,79
10/08/2023;52,65;10,79
11/08/2023;52,84;10,78
14/08/2023;53,26;10,72
15/08/2023;53,33;10,69
16/08/2023;53,19;10,67
17/08/2023;53,22;10,68
18/08/2023;53,55;10,77
21/08/2023;53,65;10,77
22/08/2023;53,47;10,83
23/08/2023;53,96;11,12
24/08/2023;53,56;10,99
25/08/2023;53,38;10,96
28/08/2023;53,44;10,96
29/08/2023;53,50;11,02
30/08/2023;53,70;11,04
31/08/2023;53,54;10,82
01/09/2023;53,88;10,91
04/09/2023;53,82;10,91
05/09/2023;54,00;10,84
06/09/2023;53,86;10,80
08/09/2023;54,56;10,94
11/09/2023;53,82;10,90
12/09/2023;53,28;10,76
13/09/2023;53,06;10,79
14/09/2023;53,99;11,07
15/09/2023;53,87;11,06
18/09/2023;53,82;11,09
19/09/2023;54,29;11,14
20/09/2023;54,34;11,16
21/09/2023;54,43;11,04
22/09/2023;54,90;11,14
25/09/2023;55,73;11,21
26/09/2023;55,97;11,22
27/09/2023;56,39;11,16
28/09/2023;57,02;11,32
29/09/2023;57,47;11,43
02/10/2023;58,08;11,46
03/10/2023;57,81;11,21
04/10/2023;58,47;11,35
05/10/2023;59,19;11,44
06/10/2023;59,72;11,57
09/10/2023;59,96;11,68
10/10/2023;60,52;11,95
11/10/2023;60,34;11,94
13/10/2023;59,74;11,73
16/10/2023;59,42;11,79
17/10/2023;58,81;11,69
18/10/2023;58,48;11,57
19/10/2023;58,53;11,59
20/10/2023;58,84;11,69
23/10/2023;59,00;11,75
24/10/2023;58,92;11,79
25/10/2023;58,91;11,78
26/10/2023;58,81;11,78
27/10/2023;58,98;11,76
30/10/2023;59,25;11,75
31/10/2023;60,02;11,92
01/11/2023;60,03;12,06
03/11/2023;59,99;12,25
06/11/2023;60,05;12,28
07/11/2023;59,46;12,21
08/11/2023;59,36;12,10
09/11/2023;59,51;12,07
10/11/2023;59,87;12,19
13/11/2023;59,67;12,16
14/11/2023;60,15;12,36
16/11/2023;61,14;12,56
17/11/2023;60,74;12,38
20/11/2023;60,76;12,52
21/11/2023;61,11;12,47
22/11/2023;61,16;12,48
23/11/2023;61,18;12,47
24/11/2023;60,96;12,45
27/11/2023;61,51;12,56
28/11/2023;61,92;12,71
29/11/2023;61,63;12,61
30/11/2023;62,74;12,75
01/12/2023;62,63;12,85
04/12/2023;63,29;12,79
05/12/2023;64,67;13,12
06/12/2023;64,91;13,23
07/12/2023;65,79;13,40
08/12/2023;65,94;13,39
11/12/2023;67,26;13,63
12/12/2023;67,50;13,59
13/12/2023;68,13;13,82
14/12/2023;68,21;13,90
15/12/2023;67,57;13,67
18/12/2023;67,56;13,76
19/12/2023;67,42;13,87
20/12/2023;67,55;13,78
21/12/2023;67,59;13,83
22/12/2023;67,56;13,90
26/12/2023;67,84;14,06
27/12/2023;68,02;14,07
28/12/2023;69,21;14,26
02/01/2024;69,75;14,20
03/01/2024;69,77;14,21
04/01/2024;71,32;14,52
05/01/2024;70,47;14,46
08/01/2024;70,12;14,39
09/01/2024;70,24;14,33
10/01/2024;69,30;14,16
11/01/2024;68,00;13,94
12/01/2024;67,24;13,85
15/01/2024;66,08;13,58
16/01/2024;65,53;13,30
17/01/2024;64,80;13,15
18/01/2024;64,09;12,99
19/01/2024;63,00;12,78
22/01/2024;62,28;12,48
23/01/2024;62,11;12,53
24/01/2024;62,64;12,70
25/01/2024;62,24;12,65
26/01/2024;61,95;12,61
29/01/2024;62,15;12,55
30/01/2024;62,81;12,70
31/01/2024;62,34;12,60
01/02/2024;61,45;12,50
02/02/2024;62,13;12,51
05/02/2024;62,72;12,59
06/02/2024;62,82;12,66
07/02/2024;63,28;12,74
08/02/2024;62,71;12,56
09/02/2024;62,17;12,54
14/02/2024;62,13;12,50
15/02/2024;62,12;12,50
16/02/2024;62,47;12,58
19/02/2024;62,57;12,61
20/02/2024;62,85;12,75
21/02/2024;63,11;12,78
22/02/2024;62,87;12,70
23/02/2024;63,06;12,64
26/02/2024;63,11;12,68
27/02/2024;62,91;12,75
28/02/2024;62,30;12,53
29/02/2024;62,23;12,51
01/03/2024;62,72;12,66
04/03/2024;63,01;12,74
05/03/2024;62,77;12,67
06/03/2024;62,75;12,69
07/03/2024;62,84;12,73
08/03/2024;62,87;12,63
11/03/2024;62,90;12,64
12/03/2024;63,07;12,68
13/03/2024;63,00;12,67
14/03/2024;63,24;12,67
15/03/2024;63,17;12,65
18/03/2024;62,87;12,51
19/03/2024;62,86;12,52
20/03/2024;62,75;12,62
21/03/2024;62,62;12,58
22/03/2024;62,45;12,49
25/03/2024;62,60;12,58
26/03/2024;62,30;12,50
27/03/2024;61,82;12,41
28/03/2024;61,78;12,33
01/04/2024;61,71;12,18
02/04/2024;61,57;12,17
03/04/2024;61,49;12,20
04/04/2024;61,48;12,18
05/04/2024;60,99;12,04
08/04/2024;60,62;12,05
09/04/2024;60,14;12,01
10/04/2024;59,83;11,78
11/04/2024;59,53;11,70
12/04/2024;59,62;11,63
15/04/2024;59,70;11,51
16/04/2024;59,74;11,36
17/04/2024;59,41;11,35
18/04/2024;59,29;11,30
19/04/2024;59,11;11,38
22/04/2024;58,76;11,36
23/04/2024;58,49;11,40
24/04/2024;58,27;11,32
25/04/2024;58,01;11,23
26/04/2024;58,09;11,35
29/04/2024;58,11;11,37
30/04/2024;57,93;11,16
02/05/2024;57,56;11,26
03/05/2024;58,10;11,46
06/05/2024;58,20;11,47
07/05/2024;58,16;11,47
08/05/2024;58,10;11,40
09/05/2024;58,19;11,31
10/05/2024;58,88;11,42
13/05/2024;58,83;11,42
14/05/2024;58,67;11,44
15/05/2024;58,96;11,48
16/05/2024;58,85;11,47
17/05/2024;59,13;11,58
20/05/2024;59,68;11,68
21/05/2024;59,48;11,63
22/05/2024;59,36;11,52
23/05/2024;59,77;11,60
24/05/2024;59,74;11,55
27/05/2024;59,67;11,54
28/05/2024;59,43;11,52
29/05/2024;59,29;11,40
31/05/2024;59,36;11,29
03/06/2024;58,95;11,27
04/06/2024;58,58;11,08
05/06/2024;58,55;11,05
06/06/2024;58,27;11,09
07/06/2024;57,85;10,88
10/06/2024;58,22;10,87
11/06/2024;57,94;10,81
12/06/2024;57,51;10,63
13/06/2024;57,53;10,71
14/06/2024;57,77;10,74
17/06/2024;57,72;10,64
18/06/2024;57,71;10,62
19/06/2024;58,06;10,66
20/06/2024;58,15;10,74
21/06/2024;58,13;10,68
24/06/2024;57,26;10,61
25/06/2024;56,88;10,43
26/06/2024;57,37;10,40
27/06/2024;57,54;10,46
28/06/2024;57,22;10,24
01/07/2024;57,32;10,17
02/07/2024;56,87;10,06
03/07/2024;56,40;10,14
04/07/2024;56,12;10,23
05/07/2024;56,11;10,26
08/07/2024;56,14;10,25
09/07/2024;56,21;10,37
10/07/2024;55,84;10,32
11/07/2024;56,49;10,38
12/07/2024;56,70;10,44
15/07/2024;56,35;10,35
16/07/2024;56,33;10,37
17/07/2024;56,17;10,24
18/07/2024;57,24;10,26
19/07/2024;57,48;10,27
22/07/2024;57,56;10,33
23/07/2024;58,41;10,45
24/07/2024;58,56;10,35
25/07/2024;58,91;10,44
26/07/2024;58,81;10,39
29/07/2024;58,45;10,38
30/07/2024;58,35;10,37
31/07/2024;59,20;10,46
01/08/2024;59,44;10,36
02/08/2024;59,34;10,39
05/08/2024;59,14;10,31
06/08/2024;59,19;10,47
07/08/2024;59,20;10,52
08/08/2024;59,02;10,59
09/08/2024;58,86;10,68
12/08/2024;59,07;10,73
13/08/2024;59,22;10,85
14/08/2024;59,39;10,85
15/08/2024;59,01;10,76
16/08/2024;59,75;10,92
19/08/2024;59,83;11,06
20/08/2024;59,69;10,92
21/08/2024;59,89;10,94
22/08/2024;60,12;10,76
23/08/2024;60,02;10,96
26/08/2024;59,74;10,88
27/08/2024;59,98;10,90
28/08/2024;59,92;10,80
29/08/2024;60,27;10,73
30/08/2024;60,59;10,72
02/09/2024;60,70;10,82
03/09/2024;61,14;10,83
04/09/2024;61,57;10,92
05/09/2024;61,89;11,09
06/09/2024;62,17;11,11
09/09/2024;62,33;11,16
10/09/2024;62,82;11,10
11/09/2024;63,42;11,22
12/09/2024;63,50;11,30
13/09/2024;62,74;11,28
16/09/2024;62,42;11,32
17/09/2024;62,02;11,31
18/09/2024;62,34;11,45
19/09/2024;62,31;11,48
20/09/2024;62,20;11,27
23/09/2024;62,69;11,33
24/09/2024;63,24;11,58
25/09/2024;63,34;11,56
26/09/2024;63,57;11,67
27/09/2024;63,88;11,75
30/09/2024;64,30;11,79
01/10/2024;65,04;11,92
02/10/2024;65,52;12,03
03/10/2024;65,71;12,01
04/10/2024;66,21;12,13
07/10/2024;66,05;12,04
08/10/2024;66,21;11,97
09/10/2024;67,07;12,01
10/10/2024;67,69;12,12
11/10/2024;67,75;12,05
14/10/2024;67,81;12,15
15/10/2024;67,96;12,01
16/10/2024;68,44;12,08
17/10/2024;68,42;12,07
18/10/2024;68,77;12,08
21/10/2024;69,76;12,23
22/10/2024;69,94;12,27
23/10/2024;70,59;12,41
24/10/2024;71,36;12,57
25/10/2024;71,67;12,55
28/10/2024;72,17;12,65
29/10/2024;72,37;12,56
30/10/2024;72,67;12,61
31/10/2024;72,94;12,62
01/11/2024;73,11;12,46
04/11/2024;72,93;12,63
05/11/2024;73,07;12,71
06/11/2024;74,21;13,06
07/11/2024;74,41;13,09
08/11/2024;74,64;12,97
11/11/2024;74,55;12,92
12/11/2024;74,37;12,89
13/11/2024;74,45;12,84
14/11/2024;74,67;12,92
18/11/2024;74,66;13,00
19/11/2024;73,55;12,74
21/11/2024;73,46;12,63
22/11/2024;73,41;12,63
25/11/2024;73,48;12,65
26/11/2024;73,12;12,59
27/11/2024;72,51;12,26
28/11/2024;72,46;12,11
29/11/2024;72,77;12,12
02/12/2024;72,69;11,98
03/12/2024;72,57;11,98
04/12/2024;72,47;12,00
05/12/2024;73,09;12,18
06/12/2024;73,20;12,03
09/12/2024;73,54;12,08
10/12/2024;73,62;12,15
11/12/2024;73,67;12,25
12/12/2024;73,25;12,14
13/12/2024;72,93;12,07
16/12/2024;72,89;11,98
17/12/2024;72,73;11,95
18/12/2024;72,74;11,65
19/12/2024;72,45;11,85
20/12/2024;72,73;12,00
23/12/2024;72,84;11,77
26/12/2024;72,69;11,77
27/12/2024;72,65;11,73
30/12/2024;72,69;11,76
02/01/2025;72,94;11,83
03/01/2025;72,99;11,81
06/01/2025;73,14;11,96
07/01/2025;73,98;12,10
08/01/2025;74,23;12,15
09/01/2025;74,32;12,28
10/01/2025;74,91;12,28
13/01/2025;74,92;12,28
14/01/2025;74,69;12,35
15/01/2025;74,97;12,45
16/01/2025;74,42;12,28
17/01/2025;74,25;12,25
20/01/2025;73,85;12,22
21/01/2025;74,02;12,27
22/01/2025;74,10;12,48
23/01/2025;73,88;12,49
24/01/2025;73,86;12,49
27/01/2025;74,04;12,53
28/01/2025;74,05;12,61
29/01/2025;74,49;12,67
30/01/2025;74,79;12,75
31/01/2025;74,99;12,84
03/02/2025;75,32;12,95
04/02/2025;75,60;13,11
05/02/2025;76,04;13,13
06/02/2025;76,42;13,25
07/02/2025;77,24;13,35
10/02/2025;77,26;13,35
11/02/2025;77,96;13,51
12/02/2025;79,00;13,71
13/02/2025;79,12;13,71
14/02/2025;79,86;14,00
17/02/2025;79,62;13,94
18/02/2025;78,91;13,86
19/02/2025;81,26;14,21
20/02/2025;83,62;14,65
21/02/2025;84,19;14,70
24/02/2025;84,85;14,76
25/02/2025;86,67;15,06
26/02/2025;87,18;15,03
27/02/2025;87,68;15,04
28/02/2025;87,49;14,82
05/03/2025;87,67;15,23
06/03/2025;87,85;15,24
07/03/2025;88,71;15,32
10/03/2025;88,52;15,12
11/03/2025;89,08;15,34
12/03/2025;89,39;15,40
13/03/2025;89,88;15,50
14/03/2025;89,83;15,65
17/03/2025;90,26;15,91
18/03/2025;90,33;15,92
19/03/2025;90,18;15,96
20/03/2025;90,08;15,89
21/03/2025;90,14;15,77
24/03/2025;89,74;15,60
25/03/2025;89,12;15,63
26/03/2025;88,94;15,51
27/03/2025;87,92;15,28
28/03/2025;87,87;15,26
31/03/2025;87,71;15,37
01/04/2025;86,62;15,24
02/04/2025;85,97;15,10
03/04/2025;84,82;15,08
04/04/2025;84,63;14,50
07/04/2025;84,83;14,35
08/04/2025;85,25;14,24
09/04/2025;85,72;14,68
10/04/2025;85,57;14,49
11/04/2025;84,98;14,48
14/04/2025;85,30;14,58
15/04/2025;84,71;14,38
16/04/2025;83,78;14,27
17/04/2025;83,49;14,38
22/04/2025;82,57;14,43
23/04/2025;81,97;14,34
24/04/2025;81,60;14,36
25/04/2025;80,54;14,17
28/04/2025;80,49;14,24
29/04/2025;80,37;14,27
30/04/2025;80,13;14,13
02/05/2025;79,07;13,98
05/05/2025;79,05;13,90
06/05/2025;77,61;13,60
07/05/2025;76,38;13,26
08/05/2025;75,93;13,39
09/05/2025;75,07;13,27
12/05/2025;74,34;13,07
13/05/2025;73,57;13,14
14/05/2025;73,12;12,99
15/05/2025;73,07;12,86
16/05/2025;72,93;12,87
19/05/2025;72,68;12,86
20/05/2025;72,59;12,80
21/05/2025;72,03;12,75
22/05/2025;71,22;12,60
23/05/2025;71,13;12,58
26/05/2025;71,24;12,56
27/05/2025;70,82;12,54
28/05/2025;69,42;12,19
29/05/2025;69,17;12,20
30/05/2025;68,95;12,06
02/06/2025;68,85;12,12
03/06/2025;68,89;12,21
04/06/2025;69,02;12,22
05/06/2025;68,96;12,33
06/06/2025;69,53;12,50
09/06/2025;68,79;12,37
10/06/2025;67,73;12,15
11/06/2025;67,97;12,26
12/06/2025;67,64;12,20
13/06/2025;67,61;12,21
16/06/2025;67,50;12,29
17/06/2025;67,36;12,25
18/06/2025;68,07;12,37
20/06/2025;68,11;12,33
23/06/2025;68,43;12,43
24/06/2025;68,27;12,38
25/06/2025;68,04;12,25
26/06/2025;67,58;12,28
27/06/2025;67,65;12,33
30/06/2025;67,02;12,34
01/07/2025;65,68;12,02
02/07/2025;65,25;12,03
03/07/2025;64,15;11,85
04/07/2025;64,05;11,81
07/07/2025;63,44;11,58
08/07/2025;63,35;11,63
09/07/2025;63,19;11,50
10/07/2025;62,98;11,37
11/07/2025;62,91;11,34
14/07/2025;62,73;11,23
15/07/2025;62,78;11,29
16/07/2025;62,84;11,30
17/07/2025;62,93;11,34
18/07/2025;63,39;11,35
21/07/2025;63,56;11,41
22/07/2025;64,02;11,50
23/07/2025;64,00;11,59
24/07/2025;64,11;11,62
25/07/2025;63,74;11,45
28/07/2025;63,70;11,38
29/07/2025;63,64;11,43
30/07/2025;63,51;11,39
31/07/2025;63,54;11,35
01/08/2025;63,71;11,48
04/08/2025;64,00;11,62
05/08/2025;64,01;11,62
06/08/2025;63,67;11,66
07/08/2025;63,58;11,70
08/08/2025;63,61;11,69
11/08/2025;63,65;11,69
12/08/2025;63,89;11,85
13/08/2025;63,70;11,79
14/08/2025;63,37;11,70
15/08/2025;63,26;11,72
18/08/2025;63,33;11,66
19/08/2025;63,83;11,60
20/08/2025;63,87;11,67
21/08/2025;64,03;11,68
22/08/2025;64,05;11,81
25/08/2025;64,32;11,88
26/08/2025;64,34;11,84
27/08/2025;64,49;11,90
28/08/2025;64,26;11,89
29/08/2025;64,29;11,86
01/09/2025;64,34;11,82
02/09/2025;64,53;11,79
03/09/2025;64,58;11,83
04/09/2025;64,70;11,88
05/09/2025;64,78;11,97
08/09/2025;64,82;11,96
09/09/2025;65,15;11,99
10/09/2025;65,07;12,03
11/09/2025;64,97;12,04
12/09/2025;65,03;12,14
15/09/2025;65,08;12,24
16/09/2025;65,19;12,30
17/09/2025;65,36;12,33
18/09/2025;65,33;12,30
19/09/2025;65,32;12,28
22/09/2025;64,75;12,13
23/09/2025;64,32;12,17
24/09/2025;64,33;12,08
25/09/2025;64,36;11,99
26/09/2025;64,34;12,05
29/09/2025;64,36;12,10
30/09/2025;64,26;12,07
01/10/2025;64,31;12,09
02/10/2025;64,57;12,09
03/10/2025;64,77;12,15
06/10/2025;64,93;12,22
07/10/2025;65,09;12,17
08/10/2025;65,30;12,22
09/10/2025;65,19;12,12
10/10/2025;65,21;11,86
13/10/2025;65,15;11,94
14/10/2025;64,98;11,89
15/10/2025;64,96;11,90
16/10/2025;65,12;11,96
17/10/2025;65,53;12,12
20/10/2025;65,49;12,19
21/10/2025;65,61;12,17
22/10/2025;65,47;12,12
23/10/2025;65,63;12,19
24/10/2025;65,66;12,18
27/10/2025;65,71;12,23
28/10/2025;65,84;12,28
29/10/2025;66,03;12,31
30/10/2025;66,24;12,32
31/10/2025;66,15;12,29
03/11/2025;66,43;12,40
04/11/2025;66,69;12,35
05/11/2025;66,80;12,46
06/11/2025;66,85;12,50
07/11/2025;67,08;12,57
10/11/2025;67,31;12,68
11/11/2025;67,34;12,78
12/11/2025;67,36;12,73
13/11/2025;67,46;12,73
14/11/2025;67,52;12,74
17/11/2025;67,62;12,70
18/11/2025;67,61;12,71
19/11/2025;67,64;12,67
21/11/2025;67,67;12,54
24/11/2025;67,82;12,57
25/11/2025;68,24;12,69
26/11/2025;68,40;12,82
27/11/2025;68,62;12,82
28/11/2025;68,76;12,90
01/12/2025;69,04;12,88
02/12/2025;69,54;13,04
03/12/2025;69,91;13,16
04/12/2025;69,97;13,18
05/12/2025;70,30;12,89
08/12/2025;70,15;12,93
09/12/2025;69,99;12,87
10/12/2025;69,76;12,74
11/12/2025;69,62;12,89
12/12/2025;69,46;12,83
15/12/2025;69,71;12,86
16/12/2025;69,56;12,73
17/12/2025;69,19;12,53
18/12/2025;69,27;12,55
19/12/2025;69,42;12,56
22/12/2025;69,47;12,45
23/12/2025;69,50;12,55
26/12/2025;69,48;12,53
29/12/2025;69,46;12,45
30/12/2025;69,50;12,66
02/01/2026;69,45;12,81
05/01/2026;69,38;12,84
06/01/2026;69,13;12,85
07/01/2026;69,00;12,80
08/01/2026;68,94;12,79
09/01/2026;69,02;12,86
12/01/2026;68,84;12,82
13/01/2026;68,79;12,79
14/01/2026;68,43;12,68
15/01/2026;68,37;12,75
16/01/2026;68,41;12,73
19/01/2026;68,12;12,70
20/01/2026;67,46;12,54
21/01/2026;67,04;12,60
22/01/2026;66,72;12,63
23/01/2026;66,63;12,60
26/01/2026;66,69;12,63
27/01/2026;66,22;12,72
28/01/2026;65,87;12,63
29/01/2026;65,96;12,70
30/01/2026;66,10;12,59
02/02/2026;66,17;12,59
03/02/2026;66,28;12,65
04/02/2026;66,44;12,63
05/02/2026;66,49;12,66
06/02/2026;66,78;12,79
09/02/2026;67,09;12,93
10/02/2026;67,06;12,89
11/02/2026;67,21;12,96
12/02/2026;67,67;13,01
13/02/2026;68,14;13,04
18/02/2026;68,39;13,04
19/02/2026;68,80;13,17
20/02/2026;68,74;13,27
23/02/2026;69,02;13,36
24/02/2026;69,14;13,41
25/02/2026;69,28;13,51
26/02/2026;69,28;13,47
27/02/2026;69,53;13,53
02/03/2026;69,75;13,49
03/03/2026;69,98;13,28
04/03/2026;70,23;13,46
05/03/2026;70,24;13,30
06/03/2026;70,56;13,44
09/03/2026;70,63;13,66
10/03/2026;71,09;13,77
11/03/2026;71,32;13,81
12/03/2026;71,56;13,66
13/03/2026;71,98;13,55
16/03/2026;72,10;13,79
17/03/2026;72,02;13,83
18/03/2026;71,20;13,62
19/03/2026;71,63;13,74
20/03/2026;71,37;13,42
23/03/2026;71,25;13,61
24/03/2026;71,01;13,51
25/03/2026;70,45;13,49
26/03/2026;70,33;13,41
27/03/2026;70,34;13,42
30/03/2026;70,29;13,36
31/03/2026;70,37;13,56
01/04/2026;70,32;13,63
02/04/2026;69,96;13,55
06/04/2026;69,88;13,57
07/04/2026;69,58;13,48
08/04/2026;69,79;13,65
09/04/2026;69,59;13,74
10/04/2026;69,07;13,79
13/04/2026;68,78;13,76
14/04/2026;67,73;13,57
15/04/2026;67,48;13,52
16/04/2026;67,01;13,42
17/04/2026;66,81;13,41
20/04/2026;66,45;13,36
22/04/2026;66,34;13,34
23/04/2026;66,36;13,25
24/04/2026;66,63;13,33
27/04/2026;66,67;13,39
28/04/2026;66,67;13,39
29/04/2026;66,91;13,36
30/04/2026;66,91;13,50
04/05/2026;67,05;13,50
05/05/2026;66,73;13,59
06/05/2026;66,41;13,50
07/05/2026;66,07;13,42
08/05/2026;65,98;13,48
11/05/2026;65,92;13,46
12/05/2026;65,51;13,39
13/05/2026;65,35;13,07
14/05/2026;65,42;13,12
15/05/2026;65,36;12,91
18/05/2026;65,32;13,05
19/05/2026;65,28;12,94
20/05/2026;65,34;13,07
21/05/2026;65,41;13,10
22/05/2026;65,47;13,03
25/05/2026;65,39;13,04
26/05/2026;64,99;12,92
27/05/2026;65,13;12,87
