Data;À vista R$;À vista US$
04/01/2016;1.373,09;339,20
05/01/2016;1.374,38;344,28
06/01/2016;1.368,98;340,71
07/01/2016;1.369,73;338,71
08/01/2016;1.369,73;339,55
11/01/2016;1.369,83;338,31
12/01/2016;1.366,67;338,28
13/01/2016;1.366,67;341,58
14/01/2016;1.350,21;338,06
15/01/2016;1.350,21;333,38
18/01/2016;1.345,82;333,87
19/01/2016;1.344,24;331,99
20/01/2016;1.345,75;326,96
21/01/2016;1.387,03;333,98
22/01/2016;1.377,68;335,45
25/01/2016;1.381,88;336,58
26/01/2016;1.391,78;342,38
27/01/2016;1.392,51;341,05
28/01/2016;1.403,50;344,67
29/01/2016;1.428,47;354,90
01/02/2016;1.434,65;361,37
02/02/2016;1.439,60;361,53
03/02/2016;1.428,02;364,11
04/02/2016;1.424,28;366,04
05/02/2016;1.418,88;362,61
10/02/2016;1.407,44;357,67
11/02/2016;1.377,28;346,31
12/02/2016;1.389,55;347,82
15/02/2016;1.395,19;349,50
16/02/2016;1.398,13;344,03
17/02/2016;1.400,10;352,23
18/02/2016;1.402,64;347,36
19/02/2016;1.404,46;347,72
22/02/2016;1.395,14;353,83
23/02/2016;1.395,14;352,31
24/02/2016;1.396,05;353,07
25/02/2016;1.397,71;354,66
26/02/2016;1.418,16;354,98
29/02/2016;1.410,11;352,88
01/03/2016;1.399,47;354,83
02/03/2016;1.391,02;357,41
03/03/2016;1.403,38;367,95
04/03/2016;1.399,47;371,31
07/03/2016;1.416,86;374,04
08/03/2016;1.420,17;378,41
09/03/2016;1.426,76;385,61
10/03/2016;1.420,17;389,94
11/03/2016;1.425,02;395,51
14/03/2016;1.433,30;393,22
15/03/2016;1.442,82;384,14
16/03/2016;1.426,26;380,44
17/03/2016;1.433,12;393,18
18/03/2016;1.416,65;394,61
21/03/2016;1.411,96;391,02
22/03/2016;1.394,93;388,45
23/03/2016;1.396,17;380,01
24/03/2016;1.397,41;378,70
28/03/2016;1.397,07;384,97
29/03/2016;1.404,18;386,51
30/03/2016;1.404,18;387,79
31/03/2016;1.395,77;387,28
01/04/2016;1.395,46;390,99
04/04/2016;1.397,48;387,87
05/04/2016;1.395,29;380,19
06/04/2016;1.397,27;383,02
07/04/2016;1.400,18;379,55
08/04/2016;1.402,12;389,15
11/04/2016;1.400,50;400,60
12/04/2016;1.400,27;398,60
13/04/2016;1.406,13;402,90
14/04/2016;1.408,79;404,59
15/04/2016;1.408,30;400,77
18/04/2016;1.413,48;392,20
19/04/2016;1.414,73;400,21
20/04/2016;1.416,75;401,35
22/04/2016;1.420,30;397,51
25/04/2016;1.424,20;401,18
26/04/2016;1.423,52;404,06
27/04/2016;1.419,55;403,05
28/04/2016;1.428,96;408,74
29/04/2016;1.416,56;411,91
02/05/2016;1.417,52;406,05
03/05/2016;1.418,28;397,83
04/05/2016;1.418,78;401,47
05/05/2016;1.417,71;399,80
06/05/2016;1.415,02;404,52
09/05/2016;1.408,01;399,32
10/05/2016;1.413,24;407,27
11/05/2016;1.414,94;410,60
12/05/2016;1.416,50;408,21
13/05/2016;1.424,60;404,60
16/05/2016;1.427,30;407,57
17/05/2016;1.410,76;404,46
18/05/2016;1.407,73;395,43
19/05/2016;1.398,03;388,88
20/05/2016;1.394,38;393,89
23/05/2016;1.401,25;391,30
24/05/2016;1.416,96;395,69
25/05/2016;1.419,01;394,50
27/05/2016;1.431,19;396,89
30/05/2016;1.424,67;398,51
31/05/2016;1.406,47;388,74
01/06/2016;1.370,55;381,45
02/06/2016;1.370,55;382,41
03/06/2016;1.374,71;389,77
06/06/2016;1.370,84;392,45
07/06/2016;1.368,74;396,85
08/06/2016;1.377,07;408,51
09/06/2016;1.379,94;406,34
10/06/2016;1.378,93;402,25
13/06/2016;1.384,49;397,96
14/06/2016;1.385,65;397,03
15/06/2016;1.387,48;400,54
16/06/2016;1.378,89;397,49
17/06/2016;1.378,89;402,95
20/06/2016;1.389,54;409,05
21/06/2016;1.405,25;413,19
22/06/2016;1.409,83;417,60
23/06/2016;1.409,61;420,90
24/06/2016;1.411,06;418,22
27/06/2016;1.396,86;411,20
28/06/2016;1.386,59;419,80
29/06/2016;1.382,48;427,22
30/06/2016;1.385,12;430,96
01/07/2016;1.378,30;426,59
04/07/2016;1.381,54;423,27
05/07/2016;1.386,91;420,15
06/07/2016;1.388,07;416,09
07/07/2016;1.393,51;414,98
08/07/2016;1.398,83;425,43
11/07/2016;1.397,92;422,46
12/07/2016;1.392,83;423,48
13/07/2016;1.389,59;423,91
14/07/2016;1.383,48;425,42
15/07/2016;1.373,62;422,39
18/07/2016;1.364,00;419,82
19/07/2016;1.356,55;416,50
20/07/2016;1.351,05;415,84
21/07/2016;1.348,42;410,60
22/07/2016;1.348,60;413,68
25/07/2016;1.355,52;412,01
26/07/2016;1.351,58;413,20
27/07/2016;1.347,78;412,80
28/07/2016;1.341,13;407,27
29/07/2016;1.335,91;412,44
01/08/2016;1.331,53;406,95
02/08/2016;1.333,95;408,18
03/08/2016;1.329,20;410,50
04/08/2016;1.320,24;412,70
05/08/2016;1.313,69;415,07
08/08/2016;1.316,18;415,86
09/08/2016;1.321,54;421,28
10/08/2016;1.315,89;421,35
11/08/2016;1.316,32;419,48
12/08/2016;1.309,44;410,87
15/08/2016;1.300,01;408,68
16/08/2016;1.289,90;404,99
17/08/2016;1.289,56;401,73
18/08/2016;1.289,94;398,25
19/08/2016;1.293,31;402,90
22/08/2016;1.295,47;404,46
23/08/2016;1.294,29;400,46
24/08/2016;1.299,39;403,04
25/08/2016;1.304,10;404,00
26/08/2016;1.308,32;400,10
29/08/2016;1.314,69;406,65
30/08/2016;1.320,68;406,99
31/08/2016;1.318,51;409,10
01/09/2016;1.316,84;405,43
02/09/2016;1.302,73;400,96
05/09/2016;1.291,59;394,02
06/09/2016;1.273,82;396,95
08/09/2016;1.260,70;392,62
09/09/2016;1.269,52;387,52
12/09/2016;1.271,42;391,81
13/09/2016;1.269,62;382,99
14/09/2016;1.282,88;384,33
15/09/2016;1.278,05;386,58
16/09/2016;1.283,72;393,30
19/09/2016;1.286,00;393,03
20/09/2016;1.291,94;397,28
21/09/2016;1.287,46;400,70
22/09/2016;1.293,67;401,89
23/09/2016;1.298,27;401,07
26/09/2016;1.292,25;398,11
27/09/2016;1.287,19;398,63
28/09/2016;1.287,16;399,12
29/09/2016;1.287,16;395,20
30/09/2016;1.293,37;397,84
03/10/2016;1.287,78;402,43
04/10/2016;1.291,58;396,80
05/10/2016;1.280,91;397,68
06/10/2016;1.280,91;397,31
07/10/2016;1.269,36;394,82
10/10/2016;1.270,35;396,49
11/10/2016;1.263,68;395,15
13/10/2016;1.265,64;398,12
14/10/2016;1.265,64;395,14
17/10/2016;1.267,06;395,46
18/10/2016;1.257,02;395,16
19/10/2016;1.263,66;398,63
20/10/2016;1.263,06;402,51
21/10/2016;1.263,44;399,19
24/10/2016;1.263,78;405,19
25/10/2016;1.263,22;406,44
26/10/2016;1.255,08;399,32
27/10/2016;1.251,84;397,03
28/10/2016;1.248,61;390,56
31/10/2016;1.253,28;393,50
01/11/2016;1.253,38;386,85
03/11/2016;1.254,38;387,63
04/11/2016;1.254,38;389,56
07/11/2016;1.254,38;391,38
08/11/2016;1.249,83;394,02
09/11/2016;1.251,80;389,48
10/11/2016;1.254,42;373,01
11/11/2016;1.253,47;367,80
14/11/2016;1.252,52;364,00
16/11/2016;1.252,45;365,36
17/11/2016;1.242,43;363,39
18/11/2016;1.236,88;365,83
21/11/2016;1.234,90;368,41
22/11/2016;1.237,44;368,51
23/11/2016;1.235,62;364,60
24/11/2016;1.236,05;364,72
25/11/2016;1.237,21;362,50
28/11/2016;1.240,36;366,64
29/11/2016;1.236,74;364,07
30/11/2016;1.232,27;363,93
01/12/2016;1.228,59;353,96
02/12/2016;1.214,29;350,55
05/12/2016;1.222,22;356,54
06/12/2016;1.233,34;362,00
07/12/2016;1.234,42;361,68
08/12/2016;1.245,71;368,12
09/12/2016;1.245,71;369,98
12/12/2016;1.244,31;371,88
13/12/2016;1.218,87;366,69
14/12/2016;1.224,80;366,60
15/12/2016;1.226,73;363,69
16/12/2016;1.234,97;364,19
19/12/2016;1.221,79;362,33
20/12/2016;1.223,87;365,66
21/12/2016;1.220,93;366,86
22/12/2016;1.221,54;370,49
23/12/2016;1.224,02;374,20
26/12/2016;1.216,82;371,44
27/12/2016;1.206,93;368,42
28/12/2016;1.203,63;366,74
29/12/2016;1.203,63;370,46
02/01/2017;1.187,15;361,38
03/01/2017;1.240,08;380,74
04/01/2017;1.229,33;381,54
05/01/2017;1.229,30;384,40
06/01/2017;1.244,53;386,26
09/01/2017;1.244,53;389,52
10/01/2017;1.226,88;384,12
11/01/2017;1.221,84;383,74
12/01/2017;1.220,77;384,98
13/01/2017;1.216,51;378,62
16/01/2017;1.211,71;374,45
17/01/2017;1.211,71;377,48
18/01/2017;1.214,52;377,30
19/01/2017;1.214,52;379,89
20/01/2017;1.204,26;378,94
23/01/2017;1.202,56;379,71
24/01/2017;1.202,56;379,47
25/01/2017;1.192,66;376,35
26/01/2017;1.191,84;374,91
27/01/2017;1.206,30;382,59
30/01/2017;1.208,97;387,86
31/01/2017;1.210,86;384,77
01/02/2017;1.211,99;384,88
02/02/2017;1.210,83;388,34
03/02/2017;1.210,13;388,61
06/02/2017;1.213,83;388,55
07/02/2017;1.212,46;388,36
08/02/2017;1.216,49;390,40
09/02/2017;1.212,30;387,32
10/02/2017;1.212,30;390,18
13/02/2017;1.209,82;388,88
14/02/2017;1.208,43;390,19
15/02/2017;1.202,90;392,34
16/02/2017;1.202,90;390,93
17/02/2017;1.207,79;390,62
20/02/2017;1.199,68;388,88
21/02/2017;1.200,75;388,85
22/02/2017;1.203,41;392,12
23/02/2017;1.203,41;393,27
24/02/2017;1.199,29;385,62
01/03/2017;1.189,64;384,50
02/03/2017;1.189,64;378,02
03/03/2017;1.184,92;380,39
06/03/2017;1.180,01;377,60
07/03/2017;1.176,00;377,53
08/03/2017;1.172,32;370,87
09/03/2017;1.163,56;364,41
10/03/2017;1.161,83;370,01
13/03/2017;1.153,96;366,10
14/03/2017;1.153,96;363,34
15/03/2017;1.151,94;369,92
16/03/2017;1.155,05;370,33
17/03/2017;1.157,02;373,35
20/03/2017;1.154,17;376,07
21/03/2017;1.154,68;374,41
22/03/2017;1.155,19;373,24
23/03/2017;1.157,77;369,19
24/03/2017;1.151,58;370,64
27/03/2017;1.156,17;369,27
28/03/2017;1.156,71;368,26
29/03/2017;1.157,58;371,26
30/03/2017;1.161,83;370,36
31/03/2017;1.156,97;369,99
03/04/2017;1.123,40;360,99
04/04/2017;1.115,14;359,95
05/04/2017;1.114,43;359,03
06/04/2017;1.114,43;354,35
07/04/2017;1.114,43;353,34
10/04/2017;1.099,89;350,84
11/04/2017;1.122,24;356,27
12/04/2017;1.124,92;357,34
13/04/2017;1.125,82;357,97
17/04/2017;1.133,69;365,35
18/04/2017;1.135,27;363,87
19/04/2017;1.134,90;361,43
20/04/2017;1.135,94;361,53
24/04/2017;1.134,40;362,20
25/04/2017;1.131,77;359,06
26/04/2017;1.127,73;353,85
27/04/2017;1.117,02;351,82
28/04/2017;1.117,02;352,04
02/05/2017;1.136,73;358,93
03/05/2017;1.143,34;362,27
04/05/2017;1.151,25;361,46
05/05/2017;1.154,89;363,86
08/05/2017;1.157,24;361,98
09/05/2017;1.162,61;365,26
10/05/2017;1.165,96;368,39
11/05/2017;1.168,42;370,69
12/05/2017;1.168,42;373,78
15/05/2017;1.164,97;374,83
16/05/2017;1.165,43;376,19
17/05/2017;1.165,37;373,40
18/05/2017;1.165,37;344,58
19/05/2017;1.162,42;356,57
22/05/2017;1.165,94;355,58
23/05/2017;1.165,94;357,32
24/05/2017;1.164,78;355,22
25/05/2017;1.161,24;353,07
26/05/2017;1.156,11;353,88
29/05/2017;1.154,22;352,97
30/05/2017;1.153,35;353,57
31/05/2017;1.137,25;351,33
01/06/2017;1.137,71;350,28
02/06/2017;1.126,61;346,54
05/06/2017;1.129,57;343,54
06/06/2017;1.127,52;343,86
07/06/2017;1.124,18;343,05
08/06/2017;1.124,66;344,67
09/06/2017;1.126,01;343,09
12/06/2017;1.121,20;338,43
13/06/2017;1.121,80;339,42
14/06/2017;1.122,59;341,32
16/06/2017;1.124,70;342,06
19/06/2017;1.123,15;341,49
20/06/2017;1.120,41;336,06
21/06/2017;1.112,74;334,16
22/06/2017;1.115,84;334,89
23/06/2017;1.112,30;333,12
26/06/2017;1.106,55;335,22
27/06/2017;1.103,90;332,70
28/06/2017;1.106,04;336,69
29/06/2017;1.112,52;336,82
30/06/2017;1.112,86;336,01
03/07/2017;1.104,52;334,70
04/07/2017;1.104,52;333,89
05/07/2017;1.104,02;335,16
06/07/2017;1.085,90;329,16
07/07/2017;1.103,82;336,12
10/07/2017;1.101,09;337,76
11/07/2017;1.101,09;338,38
12/07/2017;1.096,43;341,99
13/07/2017;1.096,43;341,35
14/07/2017;1.089,77;342,59
17/07/2017;1.071,17;336,64
18/07/2017;1.071,17;339,52
19/07/2017;1.065,24;338,60
20/07/2017;1.066,53;340,74
21/07/2017;1.081,79;344,74
24/07/2017;1.090,23;346,43
25/07/2017;1.096,37;345,97
26/07/2017;1.097,80;349,62
27/07/2017;1.105,27;350,10
28/07/2017;1.101,72;351,65
31/07/2017;1.098,47;352,53
01/08/2017;1.109,00;355,22
02/08/2017;1.093,78;350,35
03/08/2017;1.094,40;351,45
04/08/2017;1.089,47;348,63
07/08/2017;1.088,06;348,40
08/08/2017;1.085,97;347,62
09/08/2017;1.084,46;344,38
10/08/2017;1.085,11;342,52
11/08/2017;1.084,95;342,25
14/08/2017;1.087,37;340,76
15/08/2017;1.091,50;343,67
16/08/2017;1.086,56;344,83
17/08/2017;1.085,32;341,40
18/08/2017;1.085,32;345,09
21/08/2017;1.087,66;343,33
22/08/2017;1.096,86;346,34
23/08/2017;1.098,77;350,26
24/08/2017;1.113,05;354,02
25/08/2017;1.112,12;352,72
28/08/2017;1.113,96;352,41
29/08/2017;1.116,93;353,35
30/08/2017;1.120,16;354,59
31/08/2017;1.123,97;356,81
01/09/2017;1.123,32;357,41
04/09/2017;1.129,65;360,34
05/09/2017;1.130,60;362,60
06/09/2017;1.135,92;366,07
08/09/2017;1.138,49;368,20
11/09/2017;1.138,90;367,39
12/09/2017;1.137,52;363,54
13/09/2017;1.137,81;362,71
14/09/2017;1.137,81;365,15
15/09/2017;1.138,50;365,49
18/09/2017;1.136,61;362,90
19/09/2017;1.147,93;365,70
20/09/2017;1.154,99;368,77
21/09/2017;1.159,44;368,78
22/09/2017;1.159,44;370,90
25/09/2017;1.164,01;368,82
26/09/2017;1.161,70;366,58
27/09/2017;1.161,18;363,89
28/09/2017;1.167,13;366,91
29/09/2017;1.167,13;368,53
02/10/2017;1.161,80;368,36
03/10/2017;1.160,18;368,78
04/10/2017;1.160,16;370,66
05/10/2017;1.163,39;368,86
06/10/2017;1.163,39;368,51
09/10/2017;1.165,28;365,75
10/10/2017;1.165,45;366,61
11/10/2017;1.168,20;368,98
13/10/2017;1.170,56;371,49
16/10/2017;1.166,99;368,25
17/10/2017;1.181,28;372,88
18/10/2017;1.180,37;372,95
19/10/2017;1.183,00;372,60
20/10/2017;1.183,60;371,39
23/10/2017;1.181,66;366,41
24/10/2017;1.186,26;364,11
25/10/2017;1.179,86;363,82
26/10/2017;1.180,40;360,32
27/10/2017;1.188,39;366,22
30/10/2017;1.186,51;361,85
31/10/2017;1.191,72;363,88
01/11/2017;1.192,56;365,14
03/11/2017;1.193,45;361,65
06/11/2017;1.195,66;366,77
07/11/2017;1.184,14;360,91
08/11/2017;1.186,43;364,05
09/11/2017;1.187,94;364,96
10/11/2017;1.191,44;363,36
13/11/2017;1.184,29;359,42
14/11/2017;1.184,58;358,31
16/11/2017;1.189,06;362,96
17/11/2017;1.181,75;362,50
20/11/2017;1.191,88;365,35
21/11/2017;1.198,37;368,73
22/11/2017;1.199,09;370,66
23/11/2017;1.196,41;371,44
24/11/2017;1.200,18;371,69
27/11/2017;1.200,29;372,99
28/11/2017;1.196,78;372,71
29/11/2017;1.196,73;368,68
30/11/2017;1.195,36;364,77
01/12/2017;1.188,43;364,77
04/12/2017;1.176,06;362,65
05/12/2017;1.168,24;361,68
06/12/2017;1.155,78;356,61
07/12/2017;1.153,79;350,91
08/12/2017;1.149,44;348,32
11/12/2017;1.146,08;347,40
12/12/2017;1.149,67;345,56
13/12/2017;1.167,01;352,46
14/12/2017;1.171,01;350,50
15/12/2017;1.171,28;354,29
18/12/2017;1.160,01;351,84
19/12/2017;1.165,94;353,21
20/12/2017;1.156,87;351,52
21/12/2017;1.159,19;350,21
22/12/2017;1.161,42;348,77
26/12/2017;1.136,74;342,70
27/12/2017;1.134,53;342,65
28/12/2017;1.128,38;341,00
02/01/2018;1.134,78;348,09
03/01/2018;1.143,57;352,73
04/01/2018;1.145,34;354,92
05/01/2018;1.145,34;354,48
08/01/2018;1.152,19;356,27
09/01/2018;1.150,64;354,26
10/01/2018;1.144,54;354,57
11/01/2018;1.144,67;355,05
12/01/2018;1.146,80;357,48
15/01/2018;1.144,87;356,77
16/01/2018;1.147,07;355,24
17/01/2018;1.144,87;356,10
18/01/2018;1.147,07;357,23
19/01/2018;1.151,14;359,84
22/01/2018;1.151,96;359,09
23/01/2018;1.161,19;358,17
24/01/2018;1.158,22;364,56
25/01/2018;1.167,95;372,08
26/01/2018;1.168,24;371,34
29/01/2018;1.174,75;371,05
30/01/2018;1.185,42;373,13
31/01/2018;1.200,87;376,80
01/02/2018;1.205,24;380,32
02/02/2018;1.213,80;377,90
05/02/2018;1.233,34;380,08
06/02/2018;1.239,62;382,60
07/02/2018;1.240,61;378,47
08/02/2018;1.244,25;379,11
09/02/2018;1.250,90;378,15
14/02/2018;1.206,54;373,54
15/02/2018;1.205,48;372,41
16/02/2018;1.202,42;373,54
19/02/2018;1.211,79;374,70
20/02/2018;1.211,79;372,52
21/02/2018;1.212,31;372,90
22/02/2018;1.208,57;372,33
23/02/2018;1.210,00;373,34
26/02/2018;1.200,57;370,89
27/02/2018;1.200,85;369,83
28/02/2018;1.199,34;370,40
01/03/2018;1.200,51;368,71
02/03/2018;1.200,43;369,25
05/03/2018;1.201,20;369,94
06/03/2018;1.204,69;375,53
07/03/2018;1.210,04;372,89
08/03/2018;1.213,45;371,77
09/03/2018;1.214,80;373,78
12/03/2018;1.220,85;375,07
13/03/2018;1.218,13;373,20
14/03/2018;1.215,72;372,46
15/03/2018;1.226,46;372,67
16/03/2018;1.234,06;376,93
19/03/2018;1.234,71;375,63
20/03/2018;1.218,90;368,47
21/03/2018;1.215,96;371,74
22/03/2018;1.220,35;369,58
23/03/2018;1.222,64;368,93
26/03/2018;1.216,72;368,37
27/03/2018;1.214,99;364,86
28/03/2018;1.209,99;363,36
29/03/2018;1.209,36;366,36
02/04/2018;1.196,05;360,47
03/04/2018;1.201,61;360,20
04/04/2018;1.208,14;362,04
05/04/2018;1.205,81;360,70
06/04/2018;1.201,40;356,50
09/04/2018;1.198,38;352,36
10/04/2018;1.184,13;347,66
11/04/2018;1.190,59;352,35
12/04/2018;1.190,22;349,86
13/04/2018;1.190,92;347,92
16/04/2018;1.199,41;350,50
17/04/2018;1.196,05;351,37
18/04/2018;1.195,42;353,89
19/04/2018;1.195,73;352,83
20/04/2018;1.195,46;350,37
23/04/2018;1.185,11;343,71
24/04/2018;1.197,36;345,16
25/04/2018;1.195,56;342,86
26/04/2018;1.194,68;343,40
27/04/2018;1.205,21;348,13
30/04/2018;1.196,44;341,25
02/05/2018;1.186,80;334,50
03/05/2018;1.180,57;334,82
04/05/2018;1.174,69;333,53
07/05/2018;1.186,21;333,77
08/05/2018;1.180,77;330,65
09/05/2018;1.179,57;327,29
10/05/2018;1.186,80;334,69
11/05/2018;1.186,73;329,37
14/05/2018;1.177,57;324,85
15/05/2018;1.181,43;322,62
16/05/2018;1.186,82;322,68
17/05/2018;1.180,57;318,64
18/05/2018;1.174,87;313,88
21/05/2018;1.170,47;317,46
22/05/2018;1.165,65;320,23
23/05/2018;1.164,29;321,01
24/05/2018;1.155,70;316,98
25/05/2018;1.155,23;314,52
28/05/2018;1.155,23;309,13
29/05/2018;1.177,45;314,32
30/05/2018;1.188,81;317,86
01/06/2018;1.189,27;315,96
04/06/2018;1.195,29;319,60
05/06/2018;1.209,28;317,31
06/06/2018;1.203,43;315,20
07/06/2018;1.200,72;306,31
08/06/2018;1.200,72;323,03
11/06/2018;1.194,13;321,09
12/06/2018;1.194,13;321,35
13/06/2018;1.189,02;319,89
14/06/2018;1.180,03;310,78
15/06/2018;1.187,53;319,06
18/06/2018;1.187,53;316,84
19/06/2018;1.194,13;319,03
20/06/2018;1.190,76;315,26
21/06/2018;1.198,37;318,04
22/06/2018;1.195,04;316,48
25/06/2018;1.186,40;313,70
26/06/2018;1.179,87;310,82
27/06/2018;1.175,95;305,28
28/06/2018;1.167,03;302,18
29/06/2018;1.163,61;300,29
02/07/2018;1.150,86;294,26
03/07/2018;1.151,89;295,89
04/07/2018;1.159,56;296,41
05/07/2018;1.163,80;295,91
06/07/2018;1.161,80;297,44
10/07/2018;1.162,89;306,19
11/07/2018;1.153,65;297,33
12/07/2018;1.151,01;296,27
13/07/2018;1.147,33;297,85
16/07/2018;1.146,08;296,84
17/07/2018;1.142,13;297,35
18/07/2018;1.151,12;300,32
19/07/2018;1.148,09;296,97
20/07/2018;1.148,09;303,65
23/07/2018;1.143,61;302,06
24/07/2018;1.139,34;304,31
25/07/2018;1.125,70;303,75
26/07/2018;1.122,77;300,13
27/07/2018;1.118,98;301,37
30/07/2018;1.118,98;300,16
31/07/2018;1.124,56;299,56
01/08/2018;1.121,27;298,69
02/08/2018;1.133,83;301,79
03/08/2018;1.138,66;307,33
06/08/2018;1.145,11;307,08
07/08/2018;1.165,38;309,69
08/08/2018;1.165,38;309,12
09/08/2018;1.153,42;303,53
10/08/2018;1.153,42;298,97
13/08/2018;1.160,06;297,37
14/08/2018;1.162,13;300,60
15/08/2018;1.162,13;297,91
16/08/2018;1.159,21;297,08
17/08/2018;1.152,74;294,14
20/08/2018;1.143,84;289,00
21/08/2018;1.144,13;284,40
22/08/2018;1.144,13;281,94
23/08/2018;1.142,33;277,60
24/08/2018;1.146,82;279,44
27/08/2018;1.143,74;279,99
28/08/2018;1.136,45;274,24
29/08/2018;1.149,03;279,03
30/08/2018;1.152,59;277,07
31/08/2018;1.157,08;284,43
03/09/2018;1.161,92;280,05
04/09/2018;1.161,73;279,60
05/09/2018;1.162,35;281,30
06/09/2018;1.168,69;284,01
10/09/2018;1.173,34;286,53
11/09/2018;1.179,99;283,65
12/09/2018;1.179,65;284,46
13/09/2018;1.172,09;279,20
14/09/2018;1.181,71;283,72
17/09/2018;1.191,00;289,08
18/09/2018;1.194,68;289,20
19/09/2018;1.196,60;290,09
20/09/2018;1.214,43;297,95
21/09/2018;1.199,97;297,02
24/09/2018;1.194,54;292,64
25/09/2018;1.186,36;290,56
26/09/2018;1.193,55;296,54
27/09/2018;1.193,55;299,36
28/09/2018;1.187,55;293,73
01/10/2018;1.186,95;295,26
02/10/2018;1.182,16;300,80
03/10/2018;1.169,99;300,15
04/10/2018;1.188,98;305,57
05/10/2018;1.197,04;309,71
08/10/2018;1.196,82;318,22
09/10/2018;1.200,70;323,64
10/10/2018;1.203,74;320,31
11/10/2018;1.200,60;318,46
15/10/2018;1.199,68;321,11
16/10/2018;1.193,39;320,80
17/10/2018;1.192,55;323,89
18/10/2018;1.193,76;321,85
19/10/2018;1.193,76;321,85
22/10/2018;1.202,51;325,88
23/10/2018;1.210,56;327,36
24/10/2018;1.206,48;323,11
25/10/2018;1.207,55;326,36
26/10/2018;1.207,55;331,02
29/10/2018;1.207,55;325,57
30/10/2018;1.209,00;327,20
31/10/2018;1.209,00;325,96
01/11/2018;1.218,61;330,43
05/11/2018;1.215,95;326,96
06/11/2018;1.204,12;320,76
07/11/2018;1.206,80;322,59
08/11/2018;1.214,00;324,34
09/11/2018;1.213,69;324,86
12/11/2018;1.213,89;323,70
13/11/2018;1.224,18;320,47
14/11/2018;1.227,32;324,00
16/11/2018;1.224,16;327,67
19/11/2018;1.227,35;326,16
20/11/2018;1.213,64;322,85
21/11/2018;1.213,64;320,64
22/11/2018;1.220,90;320,87
23/11/2018;1.219,13;319,48
26/11/2018;1.218,03;312,00
27/11/2018;1.213,30;312,14
28/11/2018;1.216,46;316,71
29/11/2018;1.211,71;314,48
30/11/2018;1.214,84;314,89
03/12/2018;1.215,86;317,54
04/12/2018;1.225,94;317,60
05/12/2018;1.234,44;319,06
06/12/2018;1.243,39;319,72
07/12/2018;1.256,09;323,57
10/12/2018;1.269,19;323,53
11/12/2018;1.274,90;325,56
12/12/2018;1.270,23;329,93
13/12/2018;1.265,95;326,53
14/12/2018;1.261,35;323,18
17/12/2018;1.251,86;321,40
18/12/2018;1.255,31;321,79
19/12/2018;1.254,09;323,72
20/12/2018;1.254,88;325,86
21/12/2018;1.257,78;323,25
26/12/2018;1.245,26;318,07
27/12/2018;1.260,71;323,42
28/12/2018;1.245,26;321,36
02/01/2019;1.244,74;326,27
03/01/2019;1.244,74;331,40
04/01/2019;1.243,19;334,73
07/01/2019;1.240,49;332,66
08/01/2019;1.259,07;339,37
09/01/2019;1.256,95;341,10
10/01/2019;1.255,33;337,54
11/01/2019;1.258,61;338,79
14/01/2019;1.267,11;342,83
15/01/2019;1.255,61;336,72
16/01/2019;1.252,03;335,76
17/01/2019;1.239,64;331,28
18/01/2019;1.236,27;329,06
21/01/2019;1.226,07;326,08
22/01/2019;1.228,35;323,51
23/01/2019;1.225,79;325,40
24/01/2019;1.236,25;327,92
25/01/2019;1.242,37;330,19
28/01/2019;1.236,92;328,62
29/01/2019;1.238,58;332,59
30/01/2019;1.232,03;330,92
31/01/2019;1.232,03;337,45
01/02/2019;1.234,84;337,39
04/02/2019;1.242,60;338,49
05/02/2019;1.248,12;340,74
06/02/2019;1.246,89;336,91
07/02/2019;1.248,40;336,86
08/02/2019;1.248,66;334,40
11/02/2019;1.253,64;333,41
12/02/2019;1.239,51;334,37
13/02/2019;1.254,71;334,32
14/02/2019;1.273,13;340,14
15/02/2019;1.277,45;344,88
18/02/2019;1.279,55;342,68
19/02/2019;1.286,88;347,15
20/02/2019;1.275,69;342,93
21/02/2019;1.290,97;343,98
22/02/2019;1.296,38;346,81
25/02/2019;1.291,74;345,48
26/02/2019;1.295,32;345,60
27/02/2019;1.288,48;345,53
28/02/2019;1.285,13;342,70
01/03/2019;1.276,24;338,17
06/03/2019;1.271,92;331,40
07/03/2019;1.253,83;321,74
08/03/2019;1.243,89;321,59
11/03/2019;1.254,99;326,74
12/03/2019;1.253,24;328,85
13/03/2019;1.257,32;330,27
14/03/2019;1.257,27;326,90
15/03/2019;1.256,57;329,12
18/03/2019;1.256,07;331,50
19/03/2019;1.265,85;334,53
20/03/2019;1.259,42;335,85
21/03/2019;1.270,20;334,79
22/03/2019;1.271,19;325,61
25/03/2019;1.271,45;329,48
26/03/2019;1.271,45;328,79
27/03/2019;1.270,53;321,65
28/03/2019;1.274,30;325,91
29/03/2019;1.281,40;327,31
01/04/2019;1.286,61;332,20
02/04/2019;1.286,57;333,65
03/04/2019;1.283,28;331,60
04/04/2019;1.285,64;333,76
05/04/2019;1.289,94;333,66
08/04/2019;1.283,93;333,75
09/04/2019;1.283,22;332,87
10/04/2019;1.283,16;336,08
11/04/2019;1.285,37;333,17
12/04/2019;1.284,26;330,40
15/04/2019;1.268,22;327,70
16/04/2019;1.273,32;326,74
17/04/2019;1.263,06;321,23
18/04/2019;1.272,41;322,78
22/04/2019;1.276,07;324,62
23/04/2019;1.271,13;324,10
24/04/2019;1.271,13;318,90
25/04/2019;1.264,39;319,77
26/04/2019;1.275,09;324,37
29/04/2019;1.280,73;324,98
30/04/2019;1.291,58;329,57
02/05/2019;1.292,88;326,48
03/05/2019;1.299,19;330,08
06/05/2019;1.306,82;330,26
07/05/2019;1.324,22;333,64
08/05/2019;1.325,37;337,33
09/05/2019;1.324,55;335,41
10/05/2019;1.329,53;337,36
13/05/2019;1.338,80;336,13
14/05/2019;1.337,73;336,71
15/05/2019;1.342,14;336,21
16/05/2019;1.346,81;333,53
17/05/2019;1.352,09;329,78
20/05/2019;1.340,92;326,89
21/05/2019;1.327,01;327,50
22/05/2019;1.319,30;326,40
23/05/2019;1.327,23;328,12
24/05/2019;1.317,39;328,20
27/05/2019;1.319,23;327,11
28/05/2019;1.307,62;325,52
29/05/2019;1.308,20;329,11
30/05/2019;1.306,99;328,72
31/05/2019;1.297,91;330,59
03/06/2019;1.300,91;333,91
04/06/2019;1.299,51;336,84
05/06/2019;1.304,93;334,60
06/06/2019;1.310,03;337,72
07/06/2019;1.317,77;340,33
10/06/2019;1.291,50;333,03
11/06/2019;1.299,24;337,73
12/06/2019;1.306,22;338,58
13/06/2019;1.302,52;337,79
14/06/2019;1.305,15;335,26
17/06/2019;1.310,40;335,91
18/06/2019;1.313,58;340,22
19/06/2019;1.320,51;342,72
21/06/2019;1.327,72;347,57
24/06/2019;1.333,27;348,66
25/06/2019;1.328,17;344,89
26/06/2019;1.321,03;343,30
27/06/2019;1.332,61;347,85
28/06/2019;1.328,37;346,29
01/07/2019;1.325,66;344,77
02/07/2019;1.326,26;344,21
03/07/2019;1.328,97;347,81
04/07/2019;1.320,76;348,12
05/07/2019;1.322,38;346,44
08/07/2019;1.325,15;348,17
10/07/2019;1.313,93;350,10
11/07/2019;1.292,72;344,73
12/07/2019;1.295,19;346,22
15/07/2019;1.296,60;345,11
16/07/2019;1.296,60;344,56
17/07/2019;1.299,37;345,67
18/07/2019;1.295,07;347,30
19/07/2019;1.292,56;344,96
22/07/2019;1.298,05;347,26
23/07/2019;1.303,70;345,53
24/07/2019;1.310,92;347,63
25/07/2019;1.326,50;350,65
26/07/2019;1.326,72;352,10
29/07/2019;1.330,49;352,08
30/07/2019;1.329,11;350,32
31/07/2019;1.326,43;349,24
01/08/2019;1.314,58;342,16
02/08/2019;1.309,96;337,27
05/08/2019;1.302,46;328,82
06/08/2019;1.294,27;327,17
07/08/2019;1.309,24;329,28
08/08/2019;1.314,58;334,93
09/08/2019;1.319,70;335,03
12/08/2019;1.324,80;333,03
13/08/2019;1.330,78;335,80
14/08/2019;1.329,28;329,27
15/08/2019;1.333,73;334,02
16/08/2019;1.339,88;334,97
19/08/2019;1.329,34;326,94
20/08/2019;1.330,82;329,41
21/08/2019;1.336,75;332,19
22/08/2019;1.344,24;330,12
23/08/2019;1.344,44;326,56
26/08/2019;1.349,52;325,11
27/08/2019;1.353,00;326,10
28/08/2019;1.348,03;324,36
29/08/2019;1.348,03;323,81
30/08/2019;1.350,14;326,83
02/09/2019;1.364,06;326,17
03/09/2019;1.364,11;326,42
04/09/2019;1.360,13;331,42
05/09/2019;1.362,02;332,12
06/09/2019;1.363,45;334,75
09/09/2019;1.364,94;333,16
10/09/2019;1.360,81;331,99
11/09/2019;1.365,09;335,98
12/09/2019;1.375,33;339,00
13/09/2019;1.374,77;336,05
16/09/2019;1.377,73;336,85
17/09/2019;1.378,13;337,78
18/09/2019;1.380,06;335,70
19/09/2019;1.378,40;331,59
20/09/2019;1.378,94;332,04
23/09/2019;1.383,92;331,80
24/09/2019;1.392,01;333,58
25/09/2019;1.392,77;335,20
26/09/2019;1.388,90;333,87
27/09/2019;1.397,44;336,33
30/09/2019;1.390,46;334,97
01/10/2019;1.390,86;334,10
02/10/2019;1.397,42;337,95
03/10/2019;1.388,37;339,95
04/10/2019;1.392,17;342,81
07/10/2019;1.381,27;336,73
08/10/2019;1.381,13;337,69
09/10/2019;1.385,31;338,38
10/10/2019;1.398,32;339,23
11/10/2019;1.398,46;342,34
14/10/2019;1.408,28;341,24
15/10/2019;1.432,39;344,49
16/10/2019;1.435,06;345,13
17/10/2019;1.437,73;345,61
18/10/2019;1.438,99;349,69
21/10/2019;1.444,78;349,40
22/10/2019;1.441,47;353,91
23/10/2019;1.439,37;356,99
24/10/2019;1.443,68;357,70
25/10/2019;1.443,33;360,11
28/10/2019;1.448,03;363,01
29/10/2019;1.454,25;363,84
30/10/2019;1.458,78;365,70
31/10/2019;1.461,40;364,26
01/11/2019;1.462,50;365,72
04/11/2019;1.464,35;365,36
05/11/2019;1.464,52;366,96
06/11/2019;1.467,39;359,21
07/11/2019;1.467,26;358,92
08/11/2019;1.472,75;354,37
11/11/2019;1.481,93;358,21
12/11/2019;1.488,80;357,03
13/11/2019;1.498,05;357,79
14/11/2019;1.507,48;359,78
18/11/2019;1.500,36;357,23
19/11/2019;1.502,55;358,00
20/11/2019;1.506,05;358,27
21/11/2019;1.498,46;357,12
22/11/2019;1.498,46;357,54
25/11/2019;1.503,99;357,07
26/11/2019;1.653,16;389,53
27/11/2019;1.653,16;388,34
28/11/2019;1.721,17;408,44
29/11/2019;1.721,17;406,42
02/12/2019;1.720,93;408,00
03/12/2019;1.720,96;408,97
04/12/2019;1.680,11;399,55
05/12/2019;1.651,99;394,65
06/12/2019;1.629,49;393,31
09/12/2019;1.629,49;394,26
10/12/2019;1.622,50;391,44
11/12/2019;1.631,33;394,71
12/12/2019;1.665,03;407,60
13/12/2019;1.657,33;403,54
16/12/2019;1.656,62;407,93
17/12/2019;1.656,62;407,63
18/12/2019;1.572,99;386,77
19/12/2019;1.584,22;390,11
20/12/2019;1.597,44;389,91
23/12/2019;1.595,09;391,43
26/12/2019;1.587,95;390,83
27/12/2019;1.565,12;386,64
30/12/2019;1.533,00;381,72
02/01/2020;1.527,98;379,81
03/01/2020;1.527,98;377,00
06/01/2020;1.527,98;375,33
07/01/2020;1.527,98;376,35
08/01/2020;1.534,27;378,93
09/01/2020;1.535,81;375,78
10/01/2020;1.528,86;374,63
13/01/2020;1.528,86;369,56
14/01/2020;1.528,86;370,27
15/01/2020;1.518,29;363,49
16/01/2020;1.527,69;364,26
17/01/2020;1.527,69;367,14
20/01/2020;1.607,70;383,79
21/01/2020;1.623,22;386,48
22/01/2020;1.620,76;388,02
23/01/2020;1.628,43;390,98
24/01/2020;1.615,58;385,95
27/01/2020;1.640,43;390,11
28/01/2020;1.708,39;407,34
29/01/2020;1.728,31;409,36
30/01/2020;1.747,53;410,12
31/01/2020;1.750,11;408,62
03/02/2020;1.766,53;415,75
04/02/2020;1.780,43;418,23
05/02/2020;1.772,71;417,70
06/02/2020;1.746,94;408,45
07/02/2020;1.747,09;404,51
10/02/2020;1.777,06;410,69
11/02/2020;1.778,50;411,12
12/02/2020;1.742,92;400,95
13/02/2020;1.721,47;396,29
14/02/2020;1.721,47;400,34
17/02/2020;1.743,34;402,99
18/02/2020;1.762,08;404,33
19/02/2020;1.771,14;405,39
20/02/2020;1.794,93;409,24
21/02/2020;1.805,92;411,37
26/02/2020;1.791,40;403,56
27/02/2020;1.866,28;417,51
28/02/2020;1.866,28;415,47
02/03/2020;1.877,85;418,70
03/03/2020;1.910,83;423,69
04/03/2020;1.924,66;420,41
05/03/2020;1.909,43;410,81
06/03/2020;1.907,33;412,04
09/03/2020;1.902,08;400,86
10/03/2020;1.914,06;412,16
11/03/2020;1.922,35;406,07
12/03/2020;1.930,93;400,77
13/03/2020;1.933,39;398,47
16/03/2020;1.948,81;387,44
17/03/2020;1.941,30;388,18
18/03/2020;1.962,30;375,34
19/03/2020;1.962,30;384,84
20/03/2020;1.941,01;384,44
23/03/2020;1.941,01;377,70
24/03/2020;1.912,01;375,49
25/03/2020;1.912,01;381,49
26/03/2020;1.900,33;379,76
27/03/2020;1.900,33;375,71
30/03/2020;1.912,01;369,47
31/03/2020;1.930,47;371,53
01/04/2020;1.966,29;373,82
02/04/2020;1.946,99;369,80
03/04/2020;1.946,99;366,32
06/04/2020;1.946,99;367,22
07/04/2020;1.947,43;373,29
08/04/2020;1.942,39;377,09
09/04/2020;1.942,39;380,86
13/04/2020;1.950,42;376,75
14/04/2020;1.948,83;375,71
15/04/2020;1.948,28;372,09
16/04/2020;1.948,28;370,47
17/04/2020;1.948,28;371,60
20/04/2020;1.948,28;367,18
22/04/2020;1.942,56;359,27
23/04/2020;1.943,73;353,15
24/04/2020;1.939,75;342,05
27/04/2020;1.950,80;341,71
28/04/2020;1.974,22;359,08
29/04/2020;1.976,38;368,93
30/04/2020;1.987,66;364,91
04/05/2020;2.002,61;361,55
05/05/2020;1.996,36;356,68
06/05/2020;1.996,36;350,18
07/05/2020;1.995,97;340,73
08/05/2020;2.004,32;348,70
11/05/2020;2.028,81;347,70
12/05/2020;2.010,59;342,99
13/05/2020;2.010,59;339,91
14/05/2020;2.006,16;343,70
15/05/2020;1.984,43;340,27
18/05/2020;1.984,43;347,29
19/05/2020;1.972,30;343,97
20/05/2020;2.012,51;354,50
21/05/2020;2.010,21;360,64
22/05/2020;1.993,25;357,21
25/05/2020;1.993,25;365,47
26/05/2020;1.993,11;373,24
27/05/2020;1.962,90;370,92
28/05/2020;1.965,17;366,43
29/05/2020;1.965,17;368,01
01/06/2020;1.967,32;365,74
02/06/2020;1.970,85;377,56
03/06/2020;1.971,07;388,93
04/06/2020;1.981,59;387,33
05/06/2020;1.973,72;397,29
08/06/2020;1.968,58;404,14
09/06/2020;1.982,88;406,58
10/06/2020;1.998,26;406,40
12/06/2020;1.968,52;389,11
15/06/2020;1.972,41;382,99
16/06/2020;1.979,88;378,92
17/06/2020;1.979,05;375,89
18/06/2020;1.982,52;368,09
19/06/2020;1.997,79;376,59
22/06/2020;2.013,64;382,24
23/06/2020;2.008,09;390,30
24/06/2020;2.012,07;378,49
25/06/2020;2.011,65;377,85
26/06/2020;2.002,48;366,22
29/06/2020;2.009,44;369,65
30/06/2020;2.017,42;370,85
01/07/2020;2.009,18;378,30
02/07/2020;2.041,23;381,40
03/07/2020;2.055,98;386,83
06/07/2020;2.066,05;386,76
07/07/2020;2.037,88;378,79
08/07/2020;2.029,24;379,65
09/07/2020;2.034,66;381,31
10/07/2020;2.029,34;381,45
13/07/2020;2.054,66;382,48
14/07/2020;2.069,02;387,38
15/07/2020;2.079,19;386,32
16/07/2020;2.064,49;387,70
17/07/2020;2.069,82;384,30
20/07/2020;2.057,00;385,64
21/07/2020;2.073,28;398,94
22/07/2020;2.081,58;406,72
23/07/2020;2.101,06;403,58
24/07/2020;2.091,89;401,59
27/07/2020;2.093,67;405,04
28/07/2020;2.112,16;409,89
29/07/2020;2.111,85;408,48
30/07/2020;2.116,86;410,56
31/07/2020;2.115,63;405,84
03/08/2020;2.126,28;398,85
04/08/2020;2.119,38;400,03
05/08/2020;2.121,81;400,49
06/08/2020;2.110,91;394,27
07/08/2020;2.108,61;389,04
10/08/2020;2.097,40;384,28
11/08/2020;2.111,42;390,64
12/08/2020;2.108,66;386,56
13/08/2020;2.104,77;391,95
14/08/2020;2.141,17;394,32
17/08/2020;2.139,28;388,75
18/08/2020;2.149,62;393,13
19/08/2020;2.171,47;393,17
20/08/2020;2.158,63;388,45
21/08/2020;2.142,73;382,08
24/08/2020;2.158,40;385,50
25/08/2020;2.153,56;389,86
26/08/2020;2.155,34;384,81
27/08/2020;2.158,47;387,59
28/08/2020;2.148,25;397,24
31/08/2020;2.146,39;391,96
01/09/2020;2.142,66;397,67
02/09/2020;2.152,36;401,86
03/09/2020;2.155,79;407,52
04/09/2020;2.167,80;408,56
08/09/2020;2.184,82;407,69
09/09/2020;2.222,91;420,29
10/09/2020;2.231,93;419,85
11/09/2020;2.226,94;417,50
14/09/2020;2.233,87;423,32
15/09/2020;2.237,88;423,36
16/09/2020;2.240,44;427,57
17/09/2020;2.235,02;426,69
18/09/2020;2.233,34;416,12
21/09/2020;2.236,39;413,92
22/09/2020;2.236,61;409,26
23/09/2020;2.241,75;401,96
24/09/2020;2.300,91;417,13
25/09/2020;2.313,05;417,22
28/09/2020;2.294,86;407,25
29/09/2020;2.291,53;406,59
30/09/2020;2.295,65;408,62
01/10/2020;2.289,59;405,09
02/10/2020;2.290,54;404,90
05/10/2020;2.302,97;414,13
06/10/2020;2.317,44;413,83
07/10/2020;2.343,14;417,15
08/10/2020;2.327,07;416,44
09/10/2020;2.320,46;419,46
13/10/2020;2.312,89;414,94
14/10/2020;2.323,01;414,60
15/10/2020;2.329,99;415,18
16/10/2020;2.348,50;416,03
19/10/2020;2.360,13;421,15
20/10/2020;2.343,71;418,67
21/10/2020;2.335,13;416,47
22/10/2020;2.348,70;419,56
23/10/2020;2.316,86;411,67
26/10/2020;2.294,06;407,83
27/10/2020;2.339,43;412,31
28/10/2020;2.338,61;407,21
29/10/2020;2.324,60;404,21
30/10/2020;2.370,65;412,43
03/11/2020;2.360,78;410,50
04/11/2020;2.374,07;419,30
05/11/2020;2.430,17;438,11
06/11/2020;2.440,15;452,89
09/11/2020;2.459,37;454,26
10/11/2020;2.479,42;460,94
11/11/2020;2.533,59;467,97
12/11/2020;2.559,44;468,25
13/11/2020;2.504,58;457,29
16/11/2020;2.518,35;463,61
17/11/2020;2.506,69;469,59
18/11/2020;2.523,69;472,16
19/11/2020;2.527,62;475,83
20/11/2020;2.575,23;479,38
23/11/2020;2.577,93;474,15
24/11/2020;2.584,66;479,97
25/11/2020;2.571,21;483,49
26/11/2020;2.519,54;472,71
27/11/2020;2.524,40;473,71
30/11/2020;2.497,21;466,51
01/12/2020;2.490,73;475,88
02/12/2020;2.490,73;474,88
03/12/2020;2.485,74;483,89
04/12/2020;2.473,08;482,27
07/12/2020;2.413,63;474,94
08/12/2020;2.483,88;484,28
09/12/2020;2.472,38;477,02
10/12/2020;2.459,11;488,21
11/12/2020;2.440,26;482,93
14/12/2020;2.432,74;476,07
15/12/2020;2.384,88;468,63
16/12/2020;2.346,24;457,71
17/12/2020;2.354,30;463,90
18/12/2020;2.348,14;461,60
21/12/2020;2.365,50;461,65
22/12/2020;2.373,69;459,57
23/12/2020;2.411,69;463,88
28/12/2020;2.436,31;465,03
29/12/2020;2.436,31;469,97
30/12/2020;2.419,87;466,62
04/01/2021;2.404,96;457,13
05/01/2021;2.404,96;456,96
06/01/2021;2.407,14;455,64
07/01/2021;2.457,85;456,26
08/01/2021;2.454,25;459,60
11/01/2021;2.475,18;450,77
12/01/2021;2.491,29;467,15
13/01/2021;2.473,03;466,61
14/01/2021;2.434,63;467,93
15/01/2021;2.458,33;465,06
18/01/2021;2.458,33;464,54
19/01/2021;2.490,00;465,42
20/01/2021;2.538,89;477,32
21/01/2021;2.534,61;473,23
22/01/2021;2.566,01;468,94
25/01/2021;2.554,85;463,84
26/01/2021;2.577,29;483,73
27/01/2021;2.557,01;473,78
28/01/2021;2.532,94;465,96
29/01/2021;2.521,86;459,94
01/02/2021;2.561,24;469,87
02/02/2021;2.592,80;483,91
03/02/2021;2.588,91;482,83
04/02/2021;2.604,86;477,61
05/02/2021;2.641,37;490,41
08/02/2021;2.669,82;496,99
09/02/2021;2.716,98;504,83
10/02/2021;2.729,95;507,52
11/02/2021;2.731,09;506,51
12/02/2021;2.727,17;507,10
17/02/2021;2.779,52;512,83
18/02/2021;2.793,99;513,60
19/02/2021;2.826,40;522,73
22/02/2021;2.810,05;516,36
23/02/2021;2.810,05;515,42
24/02/2021;2.852,24;524,98
25/02/2021;2.849,58;517,54
26/02/2021;2.811,03;503,68
01/03/2021;2.775,72;495,75
02/03/2021;2.775,72;489,98
03/03/2021;2.769,45;481,48
04/03/2021;2.761,60;487,66
05/03/2021;2.721,45;477,95
08/03/2021;2.755,20;477,59
09/03/2021;2.857,58;493,62
10/03/2021;2.909,99;514,50
11/03/2021;2.907,00;525,11
12/03/2021;2.916,15;524,11
15/03/2021;2.934,39;519,82
16/03/2021;2.898,94;516,65
17/03/2021;2.893,24;518,22
18/03/2021;2.893,01;520,42
19/03/2021;2.883,22;525,37
22/03/2021;2.872,64;521,07
23/03/2021;2.898,48;525,66
24/03/2021;2.980,86;531,06
25/03/2021;2.994,14;528,35
26/03/2021;2.979,19;518,48
29/03/2021;3.005,96;521,24
30/03/2021;3.039,24;528,84
31/03/2021;3.026,74;538,18
01/04/2021;3.050,42;534,60
05/04/2021;3.066,61;540,66
06/04/2021;3.055,68;545,85
07/04/2021;3.060,61;541,80
08/04/2021;3.097,34;555,78
09/04/2021;3.054,88;538,02
12/04/2021;3.077,62;537,58
13/04/2021;3.109,90;545,50
14/04/2021;3.126,93;551,10
15/04/2021;3.135,99;557,61
16/04/2021;3.176,47;568,65
19/04/2021;3.178,09;571,39
20/04/2021;3.174,99;571,35
22/04/2021;3.201,04;586,06
23/04/2021;3.185,28;579,67
26/04/2021;3.212,79;588,64
27/04/2021;3.187,07;583,18
28/04/2021;3.220,32;600,36
29/04/2021;3.105,87;580,10
30/04/2021;3.085,40;567,80
03/05/2021;3.068,33;565,90
04/05/2021;3.063,05;563,79
05/05/2021;3.141,32;585,41
06/05/2021;3.119,76;590,75
07/05/2021;3.094,63;592,61
10/05/2021;3.076,26;588,08
11/05/2021;3.075,28;588,68
12/05/2021;3.058,78;577,56
13/05/2021;3.060,17;577,50
14/05/2021;3.075,90;583,66
17/05/2021;3.039,97;577,28
18/05/2021;3.018,89;575,46
19/05/2021;3.041,90;572,32
20/05/2021;3.048,13;578,06
21/05/2021;3.007,90;562,44
24/05/2021;2.998,49;563,41
25/05/2021;2.978,50;558,09
26/05/2021;2.973,36;560,06
27/05/2021;2.919,83;555,84
28/05/2021;2.936,78;562,82
31/05/2021;2.978,87;570,12
01/06/2021;2.973,01;576,61
02/06/2021;2.987,27;586,66
04/06/2021;2.936,11;579,80
07/06/2021;2.951,44;585,95
08/06/2021;2.956,00;586,74
09/06/2021;3.001,52;592,02
10/06/2021;3.031,22;598,58
11/06/2021;3.022,49;590,33
14/06/2021;3.002,12;591,90
15/06/2021;3.010,03;596,87
16/06/2021;2.978,34;590,35
17/06/2021;2.998,34;596,80
18/06/2021;2.988,22;589,39
21/06/2021;2.988,33;595,05
22/06/2021;2.968,20;597,95
23/06/2021;2.996,49;603,52
24/06/2021;2.977,54;607,04
25/06/2021;2.986,97;603,18
28/06/2021;2.994,59;607,91
29/06/2021;3.015,15;610,60
30/06/2021;2.988,70;597,62
01/07/2021;2.973,87;589,12
02/07/2021;2.994,99;593,30
05/07/2021;2.928,19;576,07
06/07/2021;2.924,27;562,36
07/07/2021;2.895,95;553,30
08/07/2021;2.898,03;551,58
12/07/2021;2.882,86;557,61
13/07/2021;2.921,67;565,01
14/07/2021;2.897,14;571,20
15/07/2021;2.897,14;565,30
16/07/2021;2.868,57;560,27
19/07/2021;2.837,16;539,79
20/07/2021;2.829,44;542,14
21/07/2021;2.854,68;550,78
22/07/2021;2.849,51;547,04
23/07/2021;2.862,16;548,62
26/07/2021;2.858,92;552,45
27/07/2021;2.851,63;550,72
28/07/2021;2.875,19;562,22
29/07/2021;2.894,86;570,19
30/07/2021;2.868,76;552,00
02/08/2021;2.884,86;558,76
03/08/2021;2.864,51;552,67
04/08/2021;2.854,10;550,03
05/08/2021;2.833,03;544,50
06/08/2021;2.826,54;539,31
09/08/2021;2.835,37;541,31
10/08/2021;2.871,91;552,50
11/08/2021;2.891,21;553,02
12/08/2021;2.894,76;550,96
13/08/2021;2.932,57;559,33
16/08/2021;2.927,83;553,88
17/08/2021;2.905,97;551,63
18/08/2021;2.890,68;539,31
19/08/2021;2.890,96;533,78
20/08/2021;2.855,53;530,97
23/08/2021;2.863,74;533,09
24/08/2021;2.905,15;552,42
25/08/2021;2.887,00;554,13
26/08/2021;2.873,75;547,38
27/08/2021;2.865,81;551,54
30/08/2021;2.874,48;554,17
31/08/2021;2.823,85;545,67
01/09/2021;2.853,52;551,51
02/09/2021;2.849,54;549,57
03/09/2021;2.855,76;550,88
06/09/2021;2.879,36;556,40
08/09/2021;2.901,40;546,10
09/09/2021;2.972,47;560,10
10/09/2021;3.024,80;574,40
13/09/2021;3.007,00;574,84
14/09/2021;2.903,71;551,93
15/09/2021;2.872,77;548,03
16/09/2021;2.821,11;534,81
17/09/2021;2.801,82;530,35
20/09/2021;2.811,92;525,49
21/09/2021;2.780,64;526,44
22/09/2021;2.803,35;528,83
23/09/2021;2.814,86;530,31
24/09/2021;2.767,78;517,73
27/09/2021;2.756,28;512,32
28/09/2021;2.762,79;508,80
29/09/2021;2.790,26;514,24
30/09/2021;2.780,20;511,35
01/10/2021;2.821,51;526,11
04/10/2021;2.826,67;518,46
05/10/2021;2.800,00;511,98
06/10/2021;2.851,11;519,52
07/10/2021;2.813,75;511,31
08/10/2021;2.801,67;508,47
11/10/2021;2.808,57;507,70
13/10/2021;2.850,00;517,15
14/10/2021;2.871,67;520,23
15/10/2021;2.857,70;523,39
18/10/2021;2.805,88;508,86
19/10/2021;2.810,54;503,05
20/10/2021;2.789,13;502,82
21/10/2021;2.779,43;491,59
22/10/2021;2.756,50;488,74
25/10/2021;2.742,27;494,46
26/10/2021;2.759,55;495,70
27/10/2021;2.755,87;494,77
28/10/2021;2.733,81;485,75
29/10/2021;2.697,86;477,67
01/11/2021;2.682,47;473,02
03/11/2021;2.593,62;463,56
04/11/2021;2.580,00;459,48
05/11/2021;2.575,56;467,43
08/11/2021;2.590,00;466,75
09/11/2021;2.720,00;496,08
10/11/2021;2.720,00;495,00
11/11/2021;2.721,11;504,10
12/11/2021;2.760,00;505,96
16/11/2021;2.710,00;493,45
17/11/2021;2.777,31;502,59
18/11/2021;2.800,94;502,95
19/11/2021;2.783,24;496,65
22/11/2021;2.785,81;498,36
23/11/2021;2.778,69;495,49
24/11/2021;2.795,89;499,89
25/11/2021;2.796,83;502,76
26/11/2021;2.796,99;499,46
29/11/2021;2.800,16;498,69
30/11/2021;2.815,46;498,58
01/12/2021;2.812,00;496,38
02/12/2021;2.860,00;506,02
03/12/2021;2.901,50;511,10
06/12/2021;2.862,78;503,48
07/12/2021;2.863,50;509,70
08/12/2021;2.835,00;511,92
09/12/2021;2.825,91;506,44
10/12/2021;2.830,83;504,34
13/12/2021;2.868,00;505,55
14/12/2021;2.886,47;507,20
15/12/2021;2.903,56;507,35
16/12/2021;2.903,76;511,68
17/12/2021;2.916,46;513,28
20/12/2021;2.897,00;504,88
21/12/2021;2.871,56;500,53
22/12/2021;2.894,44;510,48
23/12/2021;2.916,67;515,04
27/12/2021;2.955,56;524,41
28/12/2021;2.950,00;523,33
29/12/2021;2.930,00;514,58
30/12/2021;2.930,00;525,56
03/01/2022;2.921,43;516,06
04/01/2022;2.921,43;513,70
05/01/2022;2.941,67;519,45
06/01/2022;2.942,50;517,50
07/01/2022;2.940,00;521,92
10/01/2022;2.929,09;516,41
11/01/2022;2.918,46;523,12
12/01/2022;2.930,00;529,36
13/01/2022;2.908,43;526,99
14/01/2022;2.914,67;527,83
17/01/2022;2.916,92;528,05
18/01/2022;2.927,27;526,87
19/01/2022;2.902,50;531,20
20/01/2022;2.941,20;543,56
21/01/2022;2.941,20;538,98
24/01/2022;2.929,86;532,41
25/01/2022;2.942,53;540,91
26/01/2022;2.929,14;541,73
27/01/2022;2.923,29;538,66
28/01/2022;2.923,92;542,17
31/01/2022;2.923,05;551,21
01/02/2022;2.894,77;549,29
02/02/2022;2.912,55;551,10
03/02/2022;2.894,41;546,84
04/02/2022;2.876,16;540,02
07/02/2022;2.900,32;551,39
08/02/2022;2.915,38;554,78
09/02/2022;2.897,06;554,99
10/02/2022;2.892,09;553,40
11/02/2022;2.924,87;559,68
14/02/2022;2.902,93;556,44
15/02/2022;2.919,21;563,45
16/02/2022;2.951,26;575,52
17/02/2022;2.942,89;569,34
18/02/2022;2.922,06;568,72
21/02/2022;2.935,68;574,95
22/02/2022;2.916,54;575,82
23/02/2022;2.904,31;580,51
24/02/2022;2.915,90;569,85
25/02/2022;2.899,23;563,51
02/03/2022;2.920,00;571,43
03/03/2022;2.817,33;560,77
04/03/2022;2.851,66;561,46
07/03/2022;2.841,55;559,47
08/03/2022;2.847,54;563,20
09/03/2022;2.837,84;566,32
10/03/2022;2.894,71;576,86
11/03/2022;2.892,33;572,51
14/03/2022;2.891,09;563,67
15/03/2022;2.890,65;560,86
16/03/2022;2.885,32;565,19
17/03/2022;2.899,84;575,59
18/03/2022;2.877,47;573,89
21/03/2022;2.878,16;581,21
22/03/2022;2.883,97;586,29
23/03/2022;2.875,75;594,41
24/03/2022;2.851,99;590,84
25/03/2022;2.846,55;599,15
28/03/2022;2.866,93;601,03
29/03/2022;2.871,80;603,19
30/03/2022;2.843,52;594,63
31/03/2022;2.863,09;601,36
01/04/2022;2.856,43;611,79
04/04/2022;2.873,00;622,94
05/04/2022;2.870,00;616,28
06/04/2022;2.875,45;609,21
07/04/2022;2.803,68;590,87
08/04/2022;2.782,59;591,41
11/04/2022;2.808,33;599,69
12/04/2022;2.751,82;588,25
13/04/2022;2.774,44;592,07
14/04/2022;2.762,50;588,77
18/04/2022;2.785,00;597,90
19/04/2022;2.780,00;594,91
20/04/2022;2.766,67;598,20
22/04/2022;2.745,45;572,33
25/04/2022;2.771,11;568,67
26/04/2022;2.802,14;561,55
27/04/2022;2.844,62;573,05
28/04/2022;2.838,67;574,86
29/04/2022;2.857,22;577,45
02/05/2022;2.836,00;559,70
03/05/2022;2.857,50;575,53
04/05/2022;2.824,23;575,08
05/05/2022;2.817,92;560,33
06/05/2022;2.831,67;558,18
09/05/2022;2.840,38;550,89
10/05/2022;2.757,81;538,11
11/05/2022;2.782,81;541,61
12/05/2022;2.761,67;536,66
13/05/2022;2.698,85;534,00
16/05/2022;2.705,00;536,17
17/05/2022;2.724,17;551,23
18/05/2022;2.731,43;547,71
19/05/2022;2.752,16;560,06
20/05/2022;2.749,95;564,79
23/05/2022;2.771,14;575,76
24/05/2022;2.777,60;576,15
25/05/2022;2.772,86;576,36
26/05/2022;2.715,14;570,29
27/05/2022;2.694,43;568,68
30/05/2022;2.671,27;562,25
31/05/2022;2.664,29;560,79
01/06/2022;2.631,95;548,44
02/06/2022;2.659,00;554,65
03/06/2022;2.646,00;553,09
06/06/2022;2.719,00;566,34
07/06/2022;2.771,82;569,04
08/06/2022;2.764,00;566,28
09/06/2022;2.761,67;562,34
10/06/2022;2.778,13;557,74
13/06/2022;2.762,50;539,23
14/06/2022;2.794,17;543,61
15/06/2022;2.793,75;555,97
17/06/2022;2.816,67;547,99
20/06/2022;2.831,25;546,05
21/06/2022;2.842,22;551,78
22/06/2022;2.842,22;549,75
23/06/2022;2.838,67;542,87
24/06/2022;2.837,86;539,72
27/06/2022;2.821,54;539,70
28/06/2022;2.835,48;538,45
29/06/2022;2.847,54;548,02
30/06/2022;2.862,70;547,36
01/07/2022;2.866,91;538,69
04/07/2022;2.837,15;532,70
05/07/2022;2.844,12;527,47
06/07/2022;2.844,44;525,29
07/07/2022;2.855,56;534,35
08/07/2022;2.855,56;542,37
11/07/2022;2.898,41;539,94
12/07/2022;2.898,58;533,02
13/07/2022;2.895,72;535,65
14/07/2022;2.889,59;531,76
15/07/2022;2.888,20;534,16
18/07/2022;2.883,33;531,69
19/07/2022;2.931,67;540,90
20/07/2022;2.953,08;540,76
21/07/2022;2.940,83;535,57
22/07/2022;2.917,27;530,32
25/07/2022;2.899,09;539,47
26/07/2022;2.864,44;535,01
27/07/2022;2.861,11;545,08
28/07/2022;2.885,00;559,00
29/07/2022;2.885,00;557,16
01/08/2022;2.850,00;549,66
02/08/2022;2.755,56;521,89
03/08/2022;2.747,50;520,85
04/08/2022;2.715,45;520,50
05/08/2022;2.743,85;530,93
08/08/2022;2.774,00;542,43
09/08/2022;2.774,29;540,06
10/08/2022;2.810,00;551,74
11/08/2022;2.819,47;546,20
12/08/2022;2.802,81;553,15
15/08/2022;2.785,59;546,94
16/08/2022;2.764,25;537,06
17/08/2022;2.767,00;535,00
18/08/2022;2.775,31;536,40
19/08/2022;2.748,82;531,17
22/08/2022;2.742,94;531,37
23/08/2022;2.725,00;534,31
24/08/2022;2.726,47;533,66
25/08/2022;2.663,33;519,57
26/08/2022;2.640,00;520,30
29/08/2022;2.648,09;526,88
30/08/2022;2.643,38;517,30
31/08/2022;2.660,93;511,52
01/09/2022;2.670,79;510,18
02/09/2022;2.676,31;516,96
05/09/2022;2.649,86;514,24
06/09/2022;2.577,59;491,72
08/09/2022;2.560,59;491,57
09/09/2022;2.543,33;493,85
12/09/2022;2.560,71;502,99
13/09/2022;2.633,13;507,44
14/09/2022;2.645,88;510,79
15/09/2022;2.613,59;498,49
16/09/2022;2.631,77;500,62
19/09/2022;2.667,75;516,71
20/09/2022;2.614,32;506,55
21/09/2022;2.581,11;499,54
22/09/2022;2.611,97;510,85
23/09/2022;2.597,21;494,61
26/09/2022;2.609,04;484,14
27/09/2022;2.609,04;484,95
28/09/2022;2.634,40;492,69
29/09/2022;2.552,86;472,93
30/09/2022;2.592,73;482,01
03/10/2022;2.500,00;482,91
04/10/2022;2.587,50;499,90
05/10/2022;2.500,00;483,19
06/10/2022;2.550,00;490,01
07/10/2022;2.550,00;488,04
10/10/2022;2.580,91;497,96
11/10/2022;2.591,54;491,75
13/10/2022;2.593,00;491,19
14/10/2022;2.576,43;483,56
17/10/2022;2.566,43;484,69
18/10/2022;2.507,50;476,62
19/10/2022;2.453,75;465,43
20/10/2022;2.459,41;470,79
21/10/2022;2.437,78;473,54
24/10/2022;2.464,29;465,93
25/10/2022;2.433,33;457,82
26/10/2022;2.422,00;450,77
27/10/2022;2.452,14;462,76
28/10/2022;2.439,17;459,01
31/10/2022;2.420,00;467,72
01/11/2022;2.414,29;472,28
03/11/2022;2.410,00;471,35
04/11/2022;2.430,00;482,72
07/11/2022;2.475,45;480,20
08/11/2022;2.475,45;478,90
09/11/2022;2.471,54;477,32
10/11/2022;2.480,71;459,65
11/11/2022;2.437,86;456,44
14/11/2022;2.440,91;457,87
16/11/2022;2.485,40;461,63
17/11/2022;2.475,34;455,78
18/11/2022;2.494,12;464,80
21/11/2022;2.408,63;453,52
22/11/2022;2.474,97;459,95
23/11/2022;2.479,47;461,56
24/11/2022;2.462,94;463,66
25/11/2022;2.462,94;455,26
28/11/2022;2.489,44;463,93
29/11/2022;2.418,46;457,09
30/11/2022;2.436,00;467,56
01/12/2022;2.475,88;475,67
02/12/2022;2.505,00;479,70
05/12/2022;2.490,59;471,70
06/12/2022;2.527,83;479,75
07/12/2022;2.507,90;481,36
08/12/2022;2.491,58;478,05
09/12/2022;2.451,20;467,79
12/12/2022;2.502,44;469,94
13/12/2022;2.452,98;461,43
14/12/2022;2.475,00;465,14
15/12/2022;2.457,14;461,70
16/12/2022;2.477,33;467,60
19/12/2022;2.532,63;477,13
20/12/2022;2.486,43;477,42
21/12/2022;2.453,53;472,10
22/12/2022;2.456,88;474,58
23/12/2022;2.427,06;470,00
26/12/2022;2.405,00;461,79
27/12/2022;2.447,50;463,19
28/12/2022;2.463,33;468,94
29/12/2022;2.463,33;466,54
02/01/2023;2.446,00;456,34
03/01/2023;2.446,00;448,97
04/01/2023;2.482,50;455,17
05/01/2023;2.426,00;452,44
06/01/2023;2.438,89;465,17
09/01/2023;2.478,33;471,61
10/01/2023;2.478,33;476,42
11/01/2023;2.410,00;464,71
12/01/2023;2.359,50;463,19
13/01/2023;2.358,33;462,96
16/01/2023;2.370,33;460,17
17/01/2023;2.336,39;457,40
18/01/2023;2.382,00;461,72
19/01/2023;2.349,00;453,91
20/01/2023;2.331,50;448,11
23/01/2023;2.322,00;446,88
24/01/2023;2.340,00;454,63
25/01/2023;2.298,17;452,75
26/01/2023;2.336,67;460,70
27/01/2023;2.336,67;457,18
30/01/2023;2.285,93;447,17
31/01/2023;2.300,89;453,11
01/02/2023;2.375,27;466,65
02/02/2023;2.358,52;468,33
03/02/2023;2.346,45;456,60
06/02/2023;2.361,21;456,18
07/02/2023;2.392,88;460,26
08/02/2023;2.349,87;452,86
09/02/2023;2.360,35;447,89
10/02/2023;2.349,83;449,90
13/02/2023;2.354,34;454,33
14/02/2023;2.365,34;454,78
15/02/2023;2.406,15;461,30
16/02/2023;2.360,39;452,18
17/02/2023;2.368,56;458,85
22/02/2023;2.357,81;456,14
23/02/2023;2.357,50;459,37
24/02/2023;2.356,67;452,68
27/02/2023;2.375,38;457,24
28/02/2023;2.375,38;454,97
01/03/2023;2.386,36;459,27
02/03/2023;2.375,00;456,38
03/03/2023;2.303,33;443,12
06/03/2023;2.287,22;442,75
07/03/2023;2.319,20;446,77
08/03/2023;2.320,00;451,10
09/03/2023;2.338,75;455,54
10/03/2023;2.334,58;447,67
13/03/2023;2.364,14;448,77
14/03/2023;2.330,00;443,30
15/03/2023;2.309,00;436,15
16/03/2023;2.294,46;437,62
17/03/2023;2.300,22;436,14
20/03/2023;2.301,00;438,87
21/03/2023;2.309,50;440,49
22/03/2023;2.335,30;447,55
23/03/2023;2.317,11;438,10
24/03/2023;2.333,89;444,72
27/03/2023;2.362,33;453,34
28/03/2023;2.371,89;459,13
29/03/2023;2.351,67;457,43
30/03/2023;2.318,84;454,58
31/03/2023;2.301,61;454,06
03/04/2023;2.260,71;445,55
04/04/2023;2.321,16;456,29
05/04/2023;2.351,12;465,20
06/04/2023;2.323,08;459,11
10/04/2023;2.374,47;468,34
11/04/2023;2.295,00;458,36
12/04/2023;2.281,90;461,55
13/04/2023;2.280,00;462,76
14/04/2023;2.295,20;466,69
17/04/2023;2.223,41;450,54
18/04/2023;2.260,17;454,31
19/04/2023;2.287,93;450,74
20/04/2023;2.275,93;450,50
24/04/2023;2.273,85;451,16
25/04/2023;2.265,00;446,83
26/04/2023;2.206,84;436,74
27/04/2023;2.219,83;445,48
28/04/2023;2.215,79;444,13
02/05/2023;2.117,85;419,63
03/05/2023;2.117,85;424,33
04/05/2023;2.108,70;422,33
05/05/2023;2.079,58;420,63
08/05/2023;2.100,67;418,96
09/05/2023;2.095,41;420,09
10/05/2023;2.099,96;424,15
11/05/2023;2.115,61;428,00
12/05/2023;2.102,57;426,74
15/05/2023;2.081,24;425,26
16/05/2023;2.107,88;426,78
17/05/2023;2.132,66;431,80
18/05/2023;2.118,27;426,30
19/05/2023;2.136,45;427,21
22/05/2023;2.144,00;431,48
23/05/2023;2.119,03;426,19
24/05/2023;2.053,46;414,67
25/05/2023;2.043,60;405,64
26/05/2023;2.035,60;407,94
29/05/2023;2.027,92;404,61
30/05/2023;2.012,50;399,23
31/05/2023;2.021,79;398,07
01/06/2023;2.022,90;403,53
02/06/2023;2.010,00;405,49
05/06/2023;2.006,56;407,26
06/06/2023;2.025,45;412,26
07/06/2023;2.012,62;408,65
09/06/2023;2.014,25;413,09
12/06/2023;2.025,27;416,21
13/06/2023;1.955,00;402,02
14/06/2023;1.950,00;403,89
15/06/2023;1.962,86;408,59
16/06/2023;1.954,21;405,61
19/06/2023;1.958,80;410,13
20/06/2023;2.014,83;420,46
21/06/2023;1.999,29;419,14
22/06/2023;1.987,20;415,91
23/06/2023;1.980,42;414,23
26/06/2023;1.969,13;413,16
27/06/2023;1.965,38;409,80
28/06/2023;2.007,14;414,36
29/06/2023;2.008,62;413,64
30/06/2023;2.008,33;419,01
03/07/2023;2.045,00;425,69
04/07/2023;2.048,60;423,70
05/07/2023;2.028,25;418,63
06/07/2023;2.044,33;415,01
07/07/2023;2.034,50;418,71
10/07/2023;2.023,08;414,14
11/07/2023;2.059,09;423,86
12/07/2023;2.060,71;427,71
13/07/2023;2.043,33;426,58
14/07/2023;2.025,00;422,40
17/07/2023;2.023,81;420,31
18/07/2023;2.021,88;420,52
19/07/2023;2.001,14;418,21
20/07/2023;2.008,20;418,20
21/07/2023;2.010,25;420,99
24/07/2023;2.007,05;423,87
25/07/2023;2.009,50;422,79
26/07/2023;2.027,83;428,63
27/07/2023;2.030,87;428,18
28/07/2023;2.025,42;428,12
31/07/2023;2.007,60;424,35
01/08/2023;1.994,10;416,22
02/08/2023;1.959,05;407,80
03/08/2023;1.912,95;391,28
04/08/2023;1.912,36;392,76
07/08/2023;1.942,70;396,79
08/08/2023;1.958,52;399,94
09/08/2023;1.951,60;397,64
10/08/2023;1.999,47;409,73
11/08/2023;1.990,00;405,96
14/08/2023;1.949,50;392,25
15/08/2023;1.940,59;388,97
16/08/2023;1.917,14;384,51
17/08/2023;1.896,62;380,69
18/08/2023;1.844,33;371,02
21/08/2023;1.851,39;371,84
22/08/2023;1.819,42;368,53
23/08/2023;1.841,52;379,38
24/08/2023;1.859,29;381,55
25/08/2023;1.869,71;383,77
28/08/2023;1.865,40;382,49
29/08/2023;1.820,90;375,13
30/08/2023;1.815,08;373,09
31/08/2023;1.808,11;365,27
01/09/2023;1.806,52;365,84
04/09/2023;1.802,38;365,30
05/09/2023;1.788,13;359,06
06/09/2023;1.795,00;359,94
08/09/2023;1.786,32;358,34
11/09/2023;1.780,63;360,74
12/09/2023;1.820,67;367,51
13/09/2023;1.811,43;368,48
14/09/2023;1.810,00;371,28
15/09/2023;1.803,00;370,23
18/09/2023;1.803,13;371,55
19/09/2023;1.806,67;370,60
20/09/2023;1.834,55;376,70
21/09/2023;1.846,25;374,42
22/09/2023;1.864,09;378,11
25/09/2023;1.845,19;371,19
26/09/2023;1.832,78;367,29
27/09/2023;1.830,58;362,35
28/09/2023;1.842,85;365,86
29/09/2023;1.850,26;367,92
02/10/2023;1.875,60;370,16
03/10/2023;1.881,00;364,89
04/10/2023;1.905,58;369,94
05/10/2023;1.911,82;369,50
06/10/2023;1.887,88;365,87
09/10/2023;1.932,42;376,32
10/10/2023;1.936,44;382,47
11/10/2023;1.922,76;380,59
13/10/2023;1.934,33;379,88
16/10/2023;1.944,74;385,78
17/10/2023;1.968,30;391,08
18/10/2023;1.969,80;389,60
19/10/2023;1.984,98;393,14
20/10/2023;1.980,33;393,31
23/10/2023;1.982,44;394,83
24/10/2023;1.971,31;394,50
25/10/2023;1.968,98;393,80
26/10/2023;1.973,36;395,23
27/10/2023;1.983,10;395,43
30/10/2023;1.948,66;386,48
31/10/2023;1.940,30;385,36
01/11/2023;1.951,32;392,15
03/11/2023;1.920,93;392,11
06/11/2023;1.926,56;393,90
07/11/2023;1.953,13;401,13
08/11/2023;1.925,00;392,46
09/11/2023;1.923,00;390,14
10/11/2023;1.917,99;390,55
13/11/2023;1.919,91;391,18
14/11/2023;1.936,52;398,05
16/11/2023;1.963,30;403,31
17/11/2023;1.954,74;398,52
20/11/2023;1.966,55;405,31
21/11/2023;1.922,38;392,24
22/11/2023;1.926,31;393,13
23/11/2023;1.946,95;396,77
24/11/2023;1.958,38;399,91
27/11/2023;1.955,34;399,21
28/11/2023;1.977,76;405,94
29/11/2023;1.969,77;402,90
30/11/2023;2.009,91;408,44
01/12/2023;2.001,40;410,54
04/12/2023;2.017,00;407,56
05/12/2023;2.005,79;406,94
06/12/2023;1.995,00;406,73
07/12/2023;1.980,55;403,29
08/12/2023;2.005,24;407,16
11/12/2023;1.973,48;399,89
12/12/2023;1.987,82;400,37
13/12/2023;1.998,92;405,54
14/12/2023;2.012,00;410,11
15/12/2023;1.997,57;404,04
18/12/2023;1.981,01;403,55
19/12/2023;1.982,39;407,82
20/12/2023;1.979,65;403,93
21/12/2023;1.966,16;402,32
22/12/2023;1.998,55;411,14
26/12/2023;1.999,50;414,32
27/12/2023;1.993,89;412,56
28/12/2023;1.976,67;407,39
02/01/2024;1.950,00;396,99
03/01/2024;1.950,00;397,07
04/01/2024;1.988,44;404,73
05/01/2024;1.988,44;408,14
08/01/2024;1.987,00;407,84
09/01/2024;1.988,27;405,69
10/01/2024;2.023,81;413,53
11/01/2024;2.059,71;422,24
12/01/2024;2.058,58;424,10
15/01/2024;2.035,40;418,38
16/01/2024;2.009,43;407,67
17/01/2024;1.991,39;404,02
18/01/2024;1.972,97;399,87
19/01/2024;1.965,52;398,77
22/01/2024;1.964,73;393,73
23/01/2024;1.977,66;399,04
24/01/2024;1.966,64;398,67
25/01/2024;1.972,71;400,88
26/01/2024;1.985,32;404,18
29/01/2024;1.967,07;397,31
30/01/2024;1.951,02;394,62
31/01/2024;1.941,78;392,52
01/02/2024;1.918,33;390,30
02/02/2024;1.914,74;385,49
05/02/2024;1.934,06;388,29
06/02/2024;1.943,72;391,80
07/02/2024;1.945,97;391,78
08/02/2024;1.948,00;390,30
09/02/2024;1.937,09;390,70
14/02/2024;1.919,34;386,19
15/02/2024;1.918,14;386,02
16/02/2024;1.895,77;381,75
19/02/2024;1.903,69;383,65
20/02/2024;1.914,38;388,31
21/02/2024;1.919,31;388,52
22/02/2024;1.919,23;387,72
23/02/2024;1.903,22;381,56
26/02/2024;1.906,41;383,04
27/02/2024;1.908,51;386,73
28/02/2024;1.932,23;388,70
29/02/2024;1.915,93;385,27
01/03/2024;1.941,67;392,02
04/03/2024;1.941,05;392,37
05/03/2024;1.929,83;389,55
06/03/2024;1.911,95;386,64
07/03/2024;1.926,11;390,22
08/03/2024;1.916,61;384,86
11/03/2024;1.914,22;384,77
12/03/2024;1.919,08;385,90
13/03/2024;1.917,29;385,46
14/03/2024;1.915,35;383,68
15/03/2024;1.928,67;386,12
18/03/2024;1.935,79;385,08
19/03/2024;1.926,61;383,71
20/03/2024;1.933,65;388,91
21/03/2024;1.931,20;387,79
22/03/2024;1.926,67;385,33
25/03/2024;1.910,02;383,85
26/03/2024;1.914,26;384,08
27/03/2024;1.924,18;386,38
28/03/2024;1.924,78;384,19
01/04/2024;1.923,70;379,80
02/04/2024;1.925,04;380,52
03/04/2024;1.941,16;385,23
04/04/2024;1.932,46;382,82
05/04/2024;1.936,29;382,29
08/04/2024;1.940,85;385,93
09/04/2024;1.935,32;386,37
10/04/2024;1.930,49;380,17
11/04/2024;1.927,34;378,73
12/04/2024;1.925,52;375,71
15/04/2024;1.923,03;370,81
16/04/2024;1.921,60;365,25
17/04/2024;1.913,11;365,45
18/04/2024;1.930,49;367,99
19/04/2024;1.926,45;370,83
22/04/2024;1.921,66;371,41
23/04/2024;1.944,83;379,18
24/04/2024;1.940,08;376,93
25/04/2024;1.927,42;373,17
26/04/2024;1.933,98;378,03
29/04/2024;1.951,31;381,64
30/04/2024;1.951,48;376,01
02/05/2024;1.964,00;384,12
03/05/2024;2.016,56;397,74
06/05/2024;2.038,57;401,77
07/05/2024;2.037,98;401,81
08/05/2024;2.025,68;397,66
09/05/2024;2.032,11;395,04
10/05/2024;2.030,68;393,77
13/05/2024;2.010,68;390,27
14/05/2024;2.005,75;390,91
15/05/2024;2.009,80;391,24
16/05/2024;1.990,25;387,96
17/05/2024;1.990,91;390,07
20/05/2024;1.992,81;390,06
21/05/2024;1.992,01;389,45
22/05/2024;1.987,22;385,57
23/05/2024;2.001,11;388,19
24/05/2024;1.998,76;386,38
27/05/2024;1.978,99;382,63
28/05/2024;1.985,35;384,76
29/05/2024;1.997,49;383,91
31/05/2024;1.979,25;376,50
03/06/2024;1.976,41;377,68
04/06/2024;1.988,97;376,13
05/06/2024;1.985,63;374,79
06/06/2024;1.956,14;372,24
07/06/2024;1.956,14;367,97
10/06/2024;1.953,55;364,81
11/06/2024;1.961,36;365,99
12/06/2024;1.968,77;364,05
13/06/2024;1.961,26;365,02
14/06/2024;1.939,90;360,78
17/06/2024;1.951,05;359,71
18/06/2024;1.949,39;358,74
19/06/2024;1.929,08;354,09
20/06/2024;1.939,74;358,22
21/06/2024;1.940,17;356,32
24/06/2024;1.928,70;357,56
25/06/2024;1.924,36;353,03
26/06/2024;1.927,17;349,44
27/06/2024;1.924,06;349,70
28/06/2024;1.924,80;344,45
01/07/2024;1.926,02;341,61
02/07/2024;1.933,94;342,11
03/07/2024;1.929,60;346,86
04/07/2024;1.936,81;353,17
05/07/2024;1.920,92;351,37
08/07/2024;1.923,43;351,18
09/07/2024;1.918,40;354,08
10/07/2024;1.925,65;355,75
11/07/2024;1.921,10;352,88
12/07/2024;1.922,41;353,90
15/07/2024;1.926,05;353,60
16/07/2024;1.936,37;356,41
17/07/2024;1.947,86;355,13
18/07/2024;1.944,25;348,43
19/07/2024;1.957,65;349,64
22/07/2024;1.950,42;349,91
23/07/2024;1.945,70;347,94
24/07/2024;1.932,74;341,65
25/07/2024;1.930,81;342,28
26/07/2024;1.935,08;341,77
29/07/2024;1.943,73;345,31
30/07/2024;1.951,19;346,94
31/07/2024;1.959,77;346,13
01/08/2024;1.954,28;340,64
02/08/2024;1.958,37;342,91
05/08/2024;1.970,45;343,58
06/08/2024;1.975,35;349,50
07/08/2024;1.980,98;352,17
08/08/2024;1.979,79;355,18
09/08/2024;1.975,37;358,38
12/08/2024;1.964,98;357,07
13/08/2024;1.952,11;357,73
14/08/2024;1.956,28;357,38
15/08/2024;1.958,19;357,20
16/08/2024;1.955,56;357,57
19/08/2024;1.958,82;362,07
20/08/2024;1.957,64;358,02
21/08/2024;1.942,44;354,78
22/08/2024;1.953,49;349,52
23/08/2024;1.967,04;359,15
26/08/2024;1.978,04;360,43
27/08/2024;1.983,04;360,49
28/08/2024;1.977,53;356,38
29/08/2024;1.979,73;352,33
30/08/2024;1.979,24;350,31
02/09/2024;1.985,86;353,86
03/09/2024;1.987,60;351,97
04/09/2024;1.991,59;353,31
05/09/2024;1.988,04;356,34
06/09/2024;2.003,43;358,07
09/09/2024;2.003,90;358,86
10/09/2024;2.002,59;354,00
11/09/2024;2.010,33;355,75
12/09/2024;2.006,22;356,98
13/09/2024;2.002,97;359,99
16/09/2024;1.998,10;362,30
17/09/2024;1.987,70;362,39
18/09/2024;2.001,22;367,53
19/09/2024;2.003,02;369,08
20/09/2024;2.008,59;363,94
23/09/2024;2.023,42;365,63
24/09/2024;2.019,76;369,92
25/09/2024;2.010,45;367,01
26/09/2024;2.018,91;370,65
27/09/2024;2.028,47;373,09
30/09/2024;2.035,16;373,01
01/10/2024;2.041,70;374,07
02/10/2024;2.043,71;375,20
03/10/2024;2.044,75;373,61
04/10/2024;2.051,20;375,68
07/10/2024;2.056,84;375,06
08/10/2024;2.059,92;372,36
09/10/2024;2.065,59;369,98
10/10/2024;2.065,03;369,75
11/10/2024;2.078,13;369,58
14/10/2024;2.101,49;376,41
15/10/2024;2.113,56;373,62
16/10/2024;2.109,05;372,29
17/10/2024;2.115,72;373,34
18/10/2024;2.115,71;371,76
21/10/2024;2.122,31;372,20
22/10/2024;2.136,86;374,76
23/10/2024;2.156,65;379,02
24/10/2024;2.174,15;383,04
25/10/2024;2.204,98;386,23
28/10/2024;2.232,92;391,26
29/10/2024;2.266,40;393,20
30/10/2024;2.281,81;395,87
31/10/2024;2.292,84;396,62
01/11/2024;2.326,05;396,26
04/11/2024;2.345,53;406,22
05/11/2024;2.351,23;408,84
06/11/2024;2.353,89;414,34
07/11/2024;2.354,07;414,16
08/11/2024;2.352,99;409,00
11/11/2024;2.386,36;413,51
12/11/2024;2.420,07;419,57
13/11/2024;2.435,75;420,10
14/11/2024;2.433,76;421,14
18/11/2024;2.444,57;425,59
19/11/2024;2.468,76;427,56
21/11/2024;2.502,36;430,11
22/11/2024;2.543,83;437,84
25/11/2024;2.607,03;448,79
26/11/2024;2.626,71;452,34
27/11/2024;2.631,34;444,78
28/11/2024;2.635,88;440,34
29/11/2024;2.654,17;441,92
02/12/2024;2.639,42;434,97
03/12/2024;2.641,70;436,21
04/12/2024;2.645,19;438,02
05/12/2024;2.647,41;441,09
06/12/2024;2.642,42;434,11
09/12/2024;2.648,06;435,18
10/12/2024;2.642,97;436,28
11/12/2024;2.645,03;439,81
12/12/2024;2.637,71;437,14
13/12/2024;2.636,59;436,38
16/12/2024;2.636,89;433,34
17/12/2024;2.640,14;433,95
18/12/2024;2.658,91;425,97
19/12/2024;2.659,23;434,80
20/12/2024;2.656,38;438,35
23/12/2024;2.647,39;427,69
26/12/2024;2.631,37;426,00
27/12/2024;2.640,77;426,48
30/12/2024;2.643,41;427,74
02/01/2025;2.653,85;430,47
03/01/2025;2.660,00;430,28
06/01/2025;2.633,33;430,78
07/01/2025;2.626,62;429,54
08/01/2025;2.622,20;429,31
09/01/2025;2.625,19;433,70
10/01/2025;2.629,26;431,17
13/01/2025;2.637,33;432,35
14/01/2025;2.641,48;436,83
15/01/2025;2.646,52;439,62
16/01/2025;2.645,56;436,56
17/01/2025;2.643,79;436,13
20/01/2025;2.640,45;436,87
21/01/2025;2.648,87;439,14
22/01/2025;2.645,57;445,46
23/01/2025;2.641,21;446,38
24/01/2025;2.643,37;447,12
27/01/2025;2.638,49;446,37
28/01/2025;2.633,73;448,60
29/01/2025;2.637,72;448,67
30/01/2025;2.637,23;449,43
31/01/2025;2.639,88;452,04
03/02/2025;2.642,14;454,37
04/02/2025;2.643,63;458,33
05/02/2025;2.638,56;455,79
06/02/2025;2.646,33;458,71
07/02/2025;2.640,95;456,28
10/02/2025;2.649,20;457,63
11/02/2025;2.657,69;460,68
12/02/2025;2.652,51;460,50
13/02/2025;2.652,96;459,86
14/02/2025;2.660,38;466,49
17/02/2025;2.653,64;464,73
18/02/2025;2.651,61;465,85
19/02/2025;2.654,28;464,20
20/02/2025;2.650,41;464,41
21/02/2025;2.651,19;462,85
24/02/2025;2.656,05;461,92
25/02/2025;2.652,96;461,06
26/02/2025;2.655,63;457,95
27/02/2025;2.653,79;455,12
28/02/2025;2.649,82;448,74
05/03/2025;2.646,48;459,78
06/03/2025;2.644,95;458,87
07/03/2025;2.658,17;458,94
10/03/2025;2.655,46;453,62
11/03/2025;2.654,93;457,12
12/03/2025;2.650,81;456,56
13/03/2025;2.656,12;457,95
14/03/2025;2.663,16;463,88
17/03/2025;2.676,36;471,77
18/03/2025;2.681,79;472,73
19/03/2025;2.686,58;475,42
20/03/2025;2.682,64;473,29
21/03/2025;2.684,46;469,56
24/03/2025;2.678,23;465,62
25/03/2025;2.685,20;470,92
26/03/2025;2.681,19;467,51
27/03/2025;2.693,77;467,99
28/03/2025;2.686,21;466,52
31/03/2025;2.687,30;470,96
01/04/2025;2.690,55;473,27
02/04/2025;2.708,43;475,66
03/04/2025;2.704,88;480,78
04/04/2025;2.703,06;463,17
07/04/2025;2.689,62;455,02
08/04/2025;2.704,44;451,72
09/04/2025;2.711,71;464,41
10/04/2025;2.700,17;457,35
11/04/2025;2.726,34;464,45
14/04/2025;2.749,11;469,85
15/04/2025;2.757,73;468,05
16/04/2025;2.752,02;468,83
17/04/2025;2.760,60;475,39
22/04/2025;2.745,13;479,75
23/04/2025;2.758,28;482,64
24/04/2025;2.751,42;484,15
25/04/2025;2.757,78;485,27
28/04/2025;2.762,50;488,59
29/04/2025;2.767,55;491,40
30/04/2025;2.764,01;487,31
02/05/2025;2.771,81;490,15
05/05/2025;2.792,22;490,90
06/05/2025;2.803,68;491,27
07/05/2025;2.823,63;490,21
08/05/2025;2.818,93;497,08
09/05/2025;2.822,33;499,09
12/05/2025;2.813,76;494,86
13/05/2025;2.830,27;505,31
14/05/2025;2.837,00;504,18
15/05/2025;2.832,69;498,54
16/05/2025;2.838,29;500,76
19/05/2025;2.822,13;499,14
20/05/2025;2.824,65;498,09
21/05/2025;2.820,99;499,29
22/05/2025;2.821,99;499,47
23/05/2025;2.814,60;497,81
26/05/2025;2.822,90;497,52
27/05/2025;2.807,92;497,06
28/05/2025;2.804,48;492,62
29/05/2025;2.807,67;495,27
30/05/2025;2.800,92;489,84
02/06/2025;2.783,20;489,83
03/06/2025;2.761,03;489,46
04/06/2025;2.745,87;485,99
05/06/2025;2.763,99;494,36
06/06/2025;2.763,08;496,78
09/06/2025;2.771,50;498,20
10/06/2025;2.780,15;498,77
11/06/2025;2.793,07;503,71
12/06/2025;2.781,59;501,64
13/06/2025;2.761,33;498,71
16/06/2025;2.748,81;500,33
17/06/2025;2.749,40;499,80
18/06/2025;2.748,51;499,46
20/06/2025;2.747,04;497,38
23/06/2025;2.751,82;499,79
24/06/2025;2.772,84;502,87
25/06/2025;2.777,50;499,91
26/06/2025;2.771,06;503,65
27/06/2025;2.775,82;505,98
30/06/2025;2.787,77;513,40
01/07/2025;2.788,35;510,41
02/07/2025;2.799,45;516,12
03/07/2025;2.795,89;516,61
04/07/2025;2.794,09;515,14
07/07/2025;2.794,10;509,96
08/07/2025;2.797,94;513,76
09/07/2025;2.788,74;507,69
10/07/2025;2.783,80;502,40
11/07/2025;2.775,76;500,41
14/07/2025;2.774,28;496,74
15/07/2025;2.768,03;497,67
16/07/2025;2.790,00;501,62
17/07/2025;2.785,31;502,13
18/07/2025;2.781,11;497,87
21/07/2025;2.793,63;501,73
22/07/2025;2.797,09;502,53
23/07/2025;2.791,73;505,47
24/07/2025;2.781,79;504,13
25/07/2025;2.772,86;498,09
28/07/2025;2.760,19;493,24
29/07/2025;2.739,31;491,89
30/07/2025;2.731,29;490,00
31/07/2025;2.722,45;486,06
01/08/2025;2.727,63;491,55
04/08/2025;2.733,46;496,36
05/08/2025;2.749,62;499,30
06/08/2025;2.746,46;502,74
07/08/2025;2.746,37;505,31
08/08/2025;2.740,60;503,69
11/08/2025;2.738,57;502,86
12/08/2025;2.742,36;508,79
13/08/2025;2.735,55;506,21
14/08/2025;2.732,74;504,47
15/08/2025;2.730,63;505,86
18/08/2025;2.733,64;503,16
19/08/2025;2.756,00;501,00
20/08/2025;2.748,48;502,19
21/08/2025;2.747,97;501,45
22/08/2025;2.741,59;505,36
25/08/2025;2.741,68;506,31
26/08/2025;2.759,72;507,77
27/08/2025;2.758,16;508,79
28/08/2025;2.757,83;510,24
29/08/2025;2.763,94;509,95
01/09/2025;2.760,41;506,96
02/09/2025;2.761,66;504,41
03/09/2025;2.770,83;507,66
04/09/2025;2.769,22;508,49
05/09/2025;2.774,45;512,55
08/09/2025;2.780,79;513,16
09/09/2025;2.770,67;509,88
10/09/2025;2.765,39;511,35
11/09/2025;2.776,23;514,69
12/09/2025;2.779,21;518,99
15/09/2025;2.762,98;519,55
16/09/2025;2.769,02;522,65
17/09/2025;2.771,53;523,03
18/09/2025;2.761,17;519,99
19/09/2025;2.766,28;519,98
22/09/2025;2.773,29;519,63
23/09/2025;2.790,08;527,92
24/09/2025;2.797,86;525,22
25/09/2025;2.794,12;520,51
26/09/2025;2.786,98;521,91
29/09/2025;2.809,15;528,23
30/09/2025;2.809,96;527,79
01/10/2025;2.808,42;527,80
02/10/2025;2.802,60;524,83
03/10/2025;2.812,38;527,65
06/10/2025;2.813,46;529,74
07/10/2025;2.824,77;528,19
08/10/2025;2.823,01;528,26
09/10/2025;2.831,96;526,58
10/10/2025;2.830,40;514,71
13/10/2025;2.821,68;516,98
14/10/2025;2.817,58;515,47
15/10/2025;2.798,95;512,91
16/10/2025;2.801,14;514,25
17/10/2025;2.801,78;518,27
20/10/2025;2.803,99;521,87
21/10/2025;2.803,10;520,15
22/10/2025;2.801,01;518,61
23/10/2025;2.799,34;519,74
24/10/2025;2.804,06;520,04
27/10/2025;2.807,06;522,54
28/10/2025;2.821,77;526,45
29/10/2025;2.842,36;529,70
30/10/2025;2.854,83;530,83
31/10/2025;2.867,70;532,93
03/11/2025;2.890,87;539,74
04/11/2025;2.906,61;538,46
05/11/2025;2.904,66;542,02
06/11/2025;2.897,24;541,74
07/11/2025;2.909,83;545,12
10/11/2025;2.907,07;547,78
11/11/2025;2.913,31;552,81
12/11/2025;2.917,13;551,13
13/11/2025;2.931,39;553,41
14/11/2025;2.928,35;552,62
17/11/2025;2.939,67;551,95
18/11/2025;2.946,28;554,02
19/11/2025;2.944,45;551,60
21/11/2025;2.951,24;546,83
24/11/2025;2.956,84;548,17
25/11/2025;2.954,93;549,65
26/11/2025;2.960,43;554,80
27/11/2025;2.958,00;552,48
28/11/2025;2.953,38;553,90
01/12/2025;2.952,74;550,99
02/12/2025;2.962,27;555,56
03/12/2025;2.964,13;558,01
04/12/2025;2.974,45;560,27
05/12/2025;2.971,97;544,72
08/12/2025;2.971,68;547,88
09/12/2025;2.961,72;544,53
10/12/2025;2.971,68;542,48
11/12/2025;2.976,16;551,04
12/12/2025;2.989,54;552,29
15/12/2025;2.984,09;550,37
16/12/2025;2.984,37;545,99
17/12/2025;2.973,51;538,48
18/12/2025;2.972,65;538,43
19/12/2025;2.967,11;536,65
22/12/2025;2.975,20;533,00
23/12/2025;2.973,48;536,92
26/12/2025;2.967,50;535,26
29/12/2025;2.988,88;535,74
30/12/2025;3.000,32;546,71
02/01/2026;2.997,52;552,84
05/01/2026;2.987,87;553,10
06/01/2026;2.988,75;555,74
07/01/2026;2.987,70;554,41
08/01/2026;2.991,12;554,84
09/01/2026;2.993,40;557,74
12/01/2026;2.994,56;557,65
13/01/2026;2.998,87;557,41
14/01/2026;3.002,45;556,11
15/01/2026;3.002,08;559,88
16/01/2026;3.007,59;559,86
19/01/2026;3.017,07;562,47
20/01/2026;3.012,38;560,13
21/01/2026;3.010,80;566,05
22/01/2026;3.019,89;571,62
23/01/2026;3.023,18;571,81
26/01/2026;3.021,53;572,15
27/01/2026;3.022,11;580,62
28/01/2026;3.028,66;580,65
29/01/2026;3.025,78;582,78
30/01/2026;3.019,99;575,13
02/02/2026;3.024,81;575,39
03/02/2026;3.025,08;577,42
04/02/2026;3.023,09;574,62
05/02/2026;3.020,80;575,06
06/02/2026;3.025,04;579,51
09/02/2026;3.023,68;582,82
10/02/2026;3.029,83;582,55
11/02/2026;3.033,09;584,86
12/02/2026;3.036,75;583,77
13/02/2026;3.047,87;583,32
18/02/2026;3.054,07;582,28
19/02/2026;3.051,14;583,95
20/02/2026;3.071,60;593,09
23/02/2026;3.070,14;594,07
24/02/2026;3.080,43;597,56
25/02/2026;3.089,06;602,51
26/02/2026;3.091,53;601,00
27/02/2026;3.094,65;602,42
02/03/2026;3.098,18;599,38
03/03/2026;3.102,12;588,53
04/03/2026;3.106,38;595,21
05/03/2026;3.123,37;591,32
06/03/2026;3.128,45;595,90
09/03/2026;3.124,43;604,11
10/03/2026;3.120,65;604,66
11/03/2026;3.117,22;603,64
12/03/2026;3.120,46;595,85
13/03/2026;3.119,79;587,20
16/03/2026;3.114,68;595,54
17/03/2026;3.118,05;598,93
18/03/2026;3.123,34;597,42
19/03/2026;3.124,72;599,18
20/03/2026;3.127,98;588,08
23/03/2026;3.132,19;598,55
24/03/2026;3.137,81;596,88
25/03/2026;3.149,84;603,30
26/03/2026;3.144,94;599,49
27/03/2026;3.147,14;600,26
30/03/2026;3.150,54;598,96
31/03/2026;3.148,86;606,60
01/04/2026;3.151,36;610,97
02/04/2026;3.161,66;612,49
06/04/2026;3.158,50;613,54
07/04/2026;3.164,36;613,13
08/04/2026;3.160,45;618,36
09/04/2026;3.166,58;625,19
10/04/2026;3.165,27;631,92
13/04/2026;3.169,82;634,34
14/04/2026;3.173,52;635,98
15/04/2026;3.186,66;638,35
16/04/2026;3.187,71;638,44
17/04/2026;3.192,76;640,73
20/04/2026;3.193,52;642,04
22/04/2026;3.196,98;642,87
23/04/2026;3.201,08;639,07
24/04/2026;3.204,59;641,05
27/04/2026;3.209,73;644,52
28/04/2026;3.213,72;645,33
29/04/2026;3.225,81;644,26
30/04/2026;3.223,54;650,30
04/05/2026;3.220,57;648,26
05/05/2026;3.212,70;654,05
06/05/2026;3.223,30;655,27
07/05/2026;3.225,81;655,39
08/05/2026;3.225,01;658,97
11/05/2026;3.223,31;658,36
12/05/2026;3.222,51;658,46
13/05/2026;3.216,91;643,51
14/05/2026;3.212,99;644,27
15/05/2026;3.209,51;633,79
18/05/2026;3.211,36;641,37
19/05/2026;3.201,09;634,51
20/05/2026;3.206,95;641,26
